HitId,HitTitle,Annotation,AssignmentId,WorkerId,Status,AcceptTime,SubmitTime,Answer.cond,Answer.label,Answer.sample,Answer.withinTarget,Answer.withinOther,Answer.acrossTarget,Answer.acrossOther,Answer.withinLabel,Answer.acrossLabel,Answer.Qsub1,Answer.Qcheck1,Answer.Qbasic1,Answer.Qsub2,Answer.Qbasic2,Answer.Qproper1,Answer.Qbasic3,Answer.Qproper2,Answer.Qcheck2,Answer.Qproper3,Answer.click1,Answer.click2,Answer.mainNum,Answer.question1,Answer.question2,Answer.question3,Answer.question4,Answer.target,Answer.dist,Answer.inst_line
3DA79LNS59VAG18HKO83XGDEI2B3TU,Short word game, ,3AAPLD8UCCHSXTDAPB27QU9B049HT4,A2YCMT5BPA0AG9,Approved,Wed Jul 22 16:06:04 PDT 2015,Wed Jul 22 16:07:39 PDT 2015,2,1,1,"""d""","""c""","""b""","""a""","""fep""","""wug""",1,0,0,1,0,1,0,1,0,1,"""correct""","""correct""",12,TRUE,TRUE,TRUE,TRUE,[],[],7
3DA79LNS59VAG18HKO83XGDEI2B3TU,Short word game, ,3AWETUDC92SOF0XT1L9ACUB7LDBIZF,A3W6T1WDYXMR3,Approved,Wed Jul 22 16:06:07 PDT 2015,Wed Jul 22 16:08:03 PDT 2015,2,1,1,"""c""","""d""","""a""","""b""","""wug""","""tupa""",1,1,0,1,0,1,0,1,1,1,"""false""","""false""",12,TRUE,TRUE,TRUE,TRUE,[],[],7
3DA79LNS59VAG18HKO83XGDEI2B3TU,Short word game, ,3IAEQB9FMEK3DUC2YKOSMT1CC6ZWD1,A2Z96TK65BB7LC,Approved,Wed Jul 22 16:06:11 PDT 2015,Wed Jul 22 16:11:02 PDT 2015,2,1,1,"""d""","""b""","""a""","""c""","""wug""","""blicket""",1,0,0,1,0,1,0,1,1,1,"""correct""","""correct""",12,TRUE,TRUE,TRUE,TRUE,[],[],7
3DA79LNS59VAG18HKO83XGDEI2B3TU,Short word game, ,36TFCYNS44AZEAMUUL34FXUHD0XHXN,A27O2IILV3S5YS,Approved,Wed Jul 22 16:07:49 PDT 2015,Wed Jul 22 16:11:52 PDT 2015,2,1,1,"""d""","""b""","""a""","""c""","""tupa""","""fep""",1,0,1,1,1,1,1,1,0,1,"""correct""","""correct""",12,TRUE,TRUE,TRUE,TRUE,[],[],7
3DA79LNS59VAG18HKO83XGDEI2B3TU,Short word game, ,3EWIJTFFVO7FXAPH186RLGATBDLE0A,A2CEUCPDECS6U3,Approved,Wed Jul 22 16:06:13 PDT 2015,Wed Jul 22 16:11:57 PDT 2015,2,1,1,"""c""","""b""","""a""","""d""","""fep""","""blicket""",1,0,0,1,0,1,0,1,0,1,"""correct""","""correct""",12,TRUE,TRUE,TRUE,TRUE,[],[],7
3DA79LNS59VAG18HKO83XGDEI2B3TU,Short word game, ,3FTOP5WARFON8QB9F9HIIWNLGLHJ00,AWN1PEZWRQSQ9,Approved,Wed Jul 22 16:06:23 PDT 2015,Wed Jul 22 16:12:59 PDT 2015,2,1,1,"""a""","""c""","""d""","""b""","""tupa""","""fep""",1,0,1,1,1,1,0,1,0,1,"""correct""","""correct""",12,TRUE,TRUE,TRUE,TRUE,[],[],7
3DA79LNS59VAG18HKO83XGDEI2B3TU,Short word game, ,37UEWGM5HT84D3F4JXURYSSMVUHR13,A2AU6YNUB39I9F,Approved,Wed Jul 22 16:06:04 PDT 2015,Wed Jul 22 16:13:14 PDT 2015,1,1,0,"""d""","""a""","""b""","""c""","""wug""","""blicket""",1,0,0,0,0,1,0,1,0,1,"""correct""","""correct""",12,TRUE,TRUE,TRUE,TRUE,[],[],7
3DA79LNS59VAG18HKO83XGDEI2B3TU,Short word game, ,3RXCAC0YIRPVZDQB279UEY1N7RCG8G,A1B79AW7Z2QNHI,Approved,Wed Jul 22 16:06:04 PDT 2015,Wed Jul 22 16:18:58 PDT 2015,2,1,1,"""d""","""c""","""b""","""a""","""blicket""","""tupa""",1,0,1,1,1,1,1,1,0,1,"""correct""","""false""",12,TRUE,TRUE,TRUE,TRUE,[],[],7
3DA79LNS59VAG18HKO83XGDEI2B3TU,Short word game, ,3OSWBBLG1EXI2UHS8PKEOCFJL85DXB,A19DZAFFZEU6GN,Approved,Wed Jul 22 16:05:59 PDT 2015,Wed Jul 22 16:25:51 PDT 2015,1,1,0,"""c""","""a""","""b""","""d""","""wug""","""fep""",1,0,0,1,1,0,0,1,0,1,"""correct""","""correct""",12,TRUE,TRUE,TRUE,TRUE,[],[],7
3DA79LNS59VAG18HKO83XGDEI2B3TU,Short word game, ,3M0NZ3JDP1YC3C2EU1QGNL72GR5Z5M,A1A3TGZ7DKJWRW,Approved,Wed Jul 22 16:06:25 PDT 2015,Wed Jul 22 16:31:51 PDT 2015,2,1,1,"""b""","""c""","""d""","""a""","""wug""","""tupa""",0,0,0,1,0,1,0,1,0,1,"""correct""","""false""",12,TRUE,TRUE,TRUE,TRUE,[],[],7
3DA79LNS59VAG18HKO83XGDEI2B3TU,Short word game, ,3U088ZLJVKT9EAB8M80X7MHTII80WW,A7NAGBJPLA2FR,Approved,Thu Jul 23 14:39:00 PDT 2015,Thu Jul 23 14:41:05 PDT 2015,1,1,0,"""d""","""b""","""a""","""c""","""tupa""","""wug""",1,0,0,1,0,1,0,1,0,1,"""correct""","""correct""",12,TRUE,TRUE,TRUE,TRUE,[],[],7
3DA79LNS59VAG18HKO83XGDEI2B3TU,Short word game, ,3F6HPJW4JD0GAKEM1V4BQAA8FGRW2B,AYUIMF5P6V7KD,Approved,Thu Jul 23 14:40:04 PDT 2015,Thu Jul 23 14:42:27 PDT 2015,1,1,0,"""a""","""b""","""d""","""c""","""wug""","""tupa""",1,0,0,1,0,1,0,1,0,1,"""correct""","""correct""",12,TRUE,TRUE,TRUE,TRUE,[],[],7
3DA79LNS59VAG18HKO83XGDEI2B3TU,Short word game, ,37TD41K0AH901LPFEJJG5YG9LU9CSM,A290QBJHGDSS7G,Approved,Thu Jul 23 14:43:34 PDT 2015,Thu Jul 23 14:46:06 PDT 2015,1,1,0,"""b""","""c""","""d""","""a""","""blicket""","""tupa""",1,0,0,1,0,1,0,1,0,1,"""correct""","""correct""",12,TRUE,TRUE,TRUE,TRUE,[],[],7
3DA79LNS59VAG18HKO83XGDEI2B3TU,Short word game, ,32ZKVD547FND7ZCUA4MKM62FBTBB3N,A32POCRM3KRW1O,Approved,Thu Jul 23 14:48:34 PDT 2015,Thu Jul 23 14:50:11 PDT 2015,1,1,0,"""b""","""d""","""a""","""c""","""blicket""","""wug""",1,0,0,1,0,1,0,1,0,1,"""correct""","""correct""",12,TRUE,TRUE,TRUE,TRUE,[],[],7
3DA79LNS59VAG18HKO83XGDEI2B3TU,Short word game, ,3CTOC39K37Q1Q1BT082RXBX8O06J7L,A1J2SF4IQEQ5OP,Approved,Thu Jul 23 14:48:12 PDT 2015,Thu Jul 23 14:50:37 PDT 2015,2,1,1,"""a""","""d""","""c""","""b""","""blicket""","""tupa""",1,0,1,1,1,1,1,1,0,1,"""correct""","""correct""",12,TRUE,TRUE,TRUE,TRUE,[],[],7
3DA79LNS59VAG18HKO83XGDEI2B3TU,Short word game, ,3WEV0KO0OMSA6DVTEFERP4YR6UMDSO,A28HGVLRNP4VHN,Approved,Thu Jul 23 14:49:01 PDT 2015,Thu Jul 23 14:51:09 PDT 2015,2,1,1,"""c""","""d""","""a""","""b""","""blicket""","""wug""",1,0,1,1,1,1,1,1,0,1,"""correct""","""correct""",12,TRUE,TRUE,TRUE,TRUE,[],[],7
3DA79LNS59VAG18HKO83XGDEI2B3TU,Short word game, ,3OXV7EAXLEQ71NVZED5CBQGNXS063X,A1OZPLHNIU1519,Approved,Thu Jul 23 14:49:29 PDT 2015,Thu Jul 23 14:52:13 PDT 2015,1,1,0,"""b""","""c""","""a""","""d""","""blicket""","""wug""",1,0,0,1,0,1,0,1,0,1,"""correct""","""correct""",12,TRUE,TRUE,TRUE,TRUE,[],[],7
3DA79LNS59VAG18HKO83XGDEI2B3TU,Short word game, ,3YT88D1N08YE02GOGHZDL9L5YNKK3G,A1LQHI9L1DXN13,Approved,Thu Jul 23 14:53:05 PDT 2015,Thu Jul 23 14:54:55 PDT 2015,2,1,1,"""c""","""d""","""a""","""b""","""blicket""","""wug""",1,0,0,1,0,1,0,1,0,1,"""correct""","""correct""",12,TRUE,TRUE,TRUE,TRUE,[],[],7
3DA79LNS59VAG18HKO83XGDEI2B3TU,Short word game, ,3DZQRBDBSLFCOLTWLQ8FCVCFFHXS35,A1XJ9VFOJ4LP2X,Approved,Thu Jul 23 14:57:04 PDT 2015,Thu Jul 23 14:58:18 PDT 2015,2,1,1,"""d""","""a""","""b""","""c""","""wug""","""fep""",1,0,1,1,1,1,1,1,0,1,"""correct""","""correct""",12,TRUE,TRUE,TRUE,TRUE,[],[],7
3DA79LNS59VAG18HKO83XGDEI2B3TU,Short word game, ,31QTRG6Q2TDGRWASIUXB7K3H1YLPYS,A1P8M5BKOTAA8I,Approved,Thu Jul 23 14:59:13 PDT 2015,Thu Jul 23 15:03:48 PDT 2015,2,1,1,"""c""","""a""","""b""","""d""","""wug""","""fep""",1,0,1,1,1,1,1,1,0,1,"""correct""","""correct""",12,TRUE,TRUE,TRUE,TRUE,[],[],7
3DA79LNS59VAG18HKO83XGDEI2B3TU,Short word game, ,3I3WADAZ9Q4048O7SSFZ7N0YWOLO5U,A2O5KDPOAH6UZQ,Approved,Thu Jul 23 15:03:30 PDT 2015,Thu Jul 23 15:05:37 PDT 2015,2,1,1,"""b""","""c""","""a""","""d""","""tupa""","""wug""",1,0,0,1,0,1,0,1,0,1,"""correct""","""correct""",12,TRUE,TRUE,TRUE,TRUE,[],[],7
3DA79LNS59VAG18HKO83XGDEI2B3TU,Short word game, ,333U7HK6I9FH7AC3RL5DX374ABAJDF,A39Q4SNT7SRK94,Approved,Thu Jul 23 15:04:46 PDT 2015,Thu Jul 23 15:05:48 PDT 2015,1,1,0,"""c""","""d""","""b""","""a""","""blicket""","""tupa""",1,0,0,0,0,1,0,1,0,1,"""correct""","""correct""",12,TRUE,TRUE,TRUE,TRUE,[],[],7
3DA79LNS59VAG18HKO83XGDEI2B3TU,Short word game, ,3IX2EGZR7BJB8KV89M0X2SO8PC1RJT,A38VOZIC9QGEGU,Approved,Thu Jul 23 15:04:48 PDT 2015,Thu Jul 23 15:06:41 PDT 2015,2,1,1,"""d""","""b""","""c""","""a""","""tupa""","""fep""",1,0,0,1,0,1,0,1,0,1,"""correct""","""correct""",12,TRUE,TRUE,TRUE,TRUE,[],[],7
3DA79LNS59VAG18HKO83XGDEI2B3TU,Short word game, ,3OLQQLKKNSPMZGQ3NGGX3LPPANBJE8,A2SO6K35NMGBB7,Approved,Thu Jul 23 15:04:48 PDT 2015,Thu Jul 23 15:06:43 PDT 2015,1,1,0,"""b""","""a""","""c""","""d""","""tupa""","""blicket""",1,0,0,1,0,1,0,1,0,1,"""correct""","""correct""",12,TRUE,TRUE,TRUE,TRUE,[],[],7
3DA79LNS59VAG18HKO83XGDEI2B3TU,Short word game, ,3X1FV8S5JXRTAPMOA0K46CLVIQXGV7,A2ZDNV3621BH6A,Approved,Thu Jul 23 15:05:47 PDT 2015,Thu Jul 23 15:06:48 PDT 2015,2,1,1,"""b""","""d""","""a""","""c""","""blicket""","""tupa""",1,0,1,1,1,1,1,1,0,1,"""false""","""false""",12,TRUE,TRUE,TRUE,TRUE,[],[],7
3DA79LNS59VAG18HKO83XGDEI2B3TU,Short word game, ,3RANCT1ZVFHX6TPDPOIL9FSFO6WUBF,A1W7QLLENVP2AE,Approved,Thu Jul 23 15:05:40 PDT 2015,Thu Jul 23 15:06:52 PDT 2015,1,1,0,"""a""","""d""","""c""","""b""","""fep""","""tupa""",1,0,0,1,0,1,0,1,0,1,"""correct""","""correct""",12,TRUE,TRUE,TRUE,TRUE,[],[],7
3DA79LNS59VAG18HKO83XGDEI2B3TU,Short word game, ,3R5F3LQFV2KYBM8WZGMFWR7TXNUOZ2,A35BY30TC8WCL4,Approved,Thu Jul 23 15:05:54 PDT 2015,Thu Jul 23 15:07:03 PDT 2015,2,1,1,"""c""","""a""","""d""","""b""","""wug""","""fep""",1,0,0,1,0,1,0,1,0,1,"""correct""","""correct""",12,TRUE,TRUE,TRUE,TRUE,[],[],7
3DA79LNS59VAG18HKO83XGDEI2B3TU,Short word game, ,3ON104KXQKWQDYT959NZJP76ZUPW49,A38A3MULFDOZ69,Approved,Thu Jul 23 15:04:56 PDT 2015,Thu Jul 23 15:07:07 PDT 2015,1,1,0,"""a""","""d""","""b""","""c""","""blicket""","""fep""",1,0,0,1,0,1,0,1,0,1,"""correct""","""correct""",12,TRUE,TRUE,TRUE,TRUE,[],[],7
3DA79LNS59VAG18HKO83XGDEI2B3TU,Short word game, ,3IXEICO792JC04TTTSB3T3KLRRDT61,A3AW92ZT3WY05A,Approved,Thu Jul 23 15:05:07 PDT 2015,Thu Jul 23 15:07:09 PDT 2015,1,1,0,"""a""","""b""","""d""","""c""","""blicket""","""tupa""",1,0,0,1,0,1,0,1,0,1,"""correct""","""correct""",12,TRUE,TRUE,TRUE,TRUE,[],[],7
3DA79LNS59VAG18HKO83XGDEI2B3TU,Short word game, ,3R3YRB5GRF3SNJKLJAIPE4896OBUAK,A2QPAGBQWGDMX2,Approved,Thu Jul 23 15:05:16 PDT 2015,Thu Jul 23 15:07:10 PDT 2015,2,1,1,"""b""","""c""","""a""","""d""","""blicket""","""fep""",1,0,0,1,0,1,0,1,0,1,"""correct""","""correct""",12,TRUE,TRUE,TRUE,TRUE,[],[],7
3DA79LNS59VAG18HKO83XGDEI2B3TU,Short word game, ,39KFRKBFINVY6WYR3UKWIKYRRTQOYB,A3URNV625JS985,Approved,Thu Jul 23 15:05:21 PDT 2015,Thu Jul 23 15:07:10 PDT 2015,2,1,1,"""a""","""b""","""d""","""c""","""tupa""","""fep""",1,0,0,1,0,1,0,1,0,1,"""correct""","""correct""",12,TRUE,TRUE,TRUE,TRUE,[],[],7
3DA79LNS59VAG18HKO83XGDEI2B3TU,Short word game, ,3B2X28YI3WFC4IZCT6KIT9EZLKE6BP,A2ZVHYE00GHXME,Approved,Thu Jul 23 15:05:10 PDT 2015,Thu Jul 23 15:07:29 PDT 2015,2,1,1,"""b""","""d""","""c""","""a""","""wug""","""fep""",1,0,1,1,1,1,1,1,0,1,"""correct""","""correct""",12,TRUE,TRUE,TRUE,TRUE,[],[],7
3DA79LNS59VAG18HKO83XGDEI2B3TU,Short word game, ,3IO1LGZLK9XT2K15QU0827OYDET68Q,A1GFD4B3NOMWIY,Approved,Thu Jul 23 15:04:55 PDT 2015,Thu Jul 23 15:07:36 PDT 2015,1,1,0,"""c""","""d""","""a""","""b""","""fep""","""blicket""",1,0,0,1,0,1,0,1,0,1,"""correct""","""correct""",12,TRUE,TRUE,TRUE,TRUE,[],[],7
3DA79LNS59VAG18HKO83XGDEI2B3TU,Short word game, ,3LOZAJ85YDDVZKJCB00XSTOFOI0X28,A2653BIPJKEMRK,Approved,Thu Jul 23 15:05:41 PDT 2015,Thu Jul 23 15:07:42 PDT 2015,2,1,1,"""d""","""a""","""c""","""b""","""wug""","""tupa""",1,0,1,1,1,1,1,1,0,1,"""correct""","""correct""",12,TRUE,TRUE,TRUE,TRUE,[],[],7
3DA79LNS59VAG18HKO83XGDEI2B3TU,Short word game, ,373ERPL3YO85MNRDLGE14YBHNESRTY,A2IWXY9C7ZN2HS,Approved,Thu Jul 23 15:06:29 PDT 2015,Thu Jul 23 15:07:45 PDT 2015,1,1,0,"""d""","""b""","""c""","""a""","""tupa""","""wug""",1,0,0,0,0,1,0,1,0,1,"""correct""","""correct""",12,TRUE,TRUE,TRUE,TRUE,[],[],7
3DA79LNS59VAG18HKO83XGDEI2B3TU,Short word game, ,3SUWZRL0MYDABLBW3XM8UHKKOHR6EP,A29RJVVL54THB5,Approved,Thu Jul 23 15:06:07 PDT 2015,Thu Jul 23 15:07:46 PDT 2015,2,1,1,"""c""","""b""","""a""","""d""","""wug""","""fep""",1,0,0,1,1,1,0,1,0,1,"""correct""","""correct""",12,TRUE,TRUE,TRUE,TRUE,[],[],7
3DA79LNS59VAG18HKO83XGDEI2B3TU,Short word game, ,33NF62TLXJ2PLGIDJ2R01G2UUK7JKS,A2KPT0PEUEXCC4,Approved,Thu Jul 23 15:06:17 PDT 2015,Thu Jul 23 15:08:03 PDT 2015,2,1,1,"""d""","""c""","""a""","""b""","""wug""","""fep""",1,0,0,1,0,1,0,1,0,1,"""correct""","""correct""",12,TRUE,TRUE,TRUE,TRUE,[],[],7
3DA79LNS59VAG18HKO83XGDEI2B3TU,Short word game, ,32EYX73OY09KM062LL4B9UXJ6SZRUP,A3FFZN4FO3Q789,Approved,Thu Jul 23 15:06:38 PDT 2015,Thu Jul 23 15:08:15 PDT 2015,2,1,1,"""c""","""d""","""b""","""a""","""wug""","""tupa""",0,1,0,1,1,0,1,1,0,0,"""false""","""false""",12,TRUE,TRUE,TRUE,TRUE,[],[],7
3DA79LNS59VAG18HKO83XGDEI2B3TU,Short word game, ,3STRJBFXOWRJZJEIVW543MP3SMXTK6,AXDO88EAF2SKI,Approved,Thu Jul 23 15:06:45 PDT 2015,Thu Jul 23 15:08:25 PDT 2015,1,1,0,"""c""","""b""","""d""","""a""","""tupa""","""fep""",1,0,0,1,0,1,0,1,0,1,"""correct""","""correct""",12,TRUE,TRUE,TRUE,TRUE,[],[],7
3DA79LNS59VAG18HKO83XGDEI2B3TU,Short word game, ,3X4MXAO0BGOXE4V7GLJCRIIGR8ARWO,A13JDX06ZXN4KJ,Approved,Thu Jul 23 15:06:55 PDT 2015,Thu Jul 23 15:08:25 PDT 2015,1,1,0,"""c""","""b""","""a""","""d""","""wug""","""tupa""",1,0,0,1,0,1,1,1,0,1,"""correct""","""correct""",12,TRUE,TRUE,TRUE,TRUE,[],[],7
3DA79LNS59VAG18HKO83XGDEI2B3TU,Short word game, ,34Q075JO1XDGD9V5PKBCEWRZM52010,A1VHJTJMAVV0WA,Approved,Thu Jul 23 15:07:06 PDT 2015,Thu Jul 23 15:08:30 PDT 2015,2,1,1,"""d""","""b""","""a""","""c""","""fep""","""wug""",1,1,1,1,0,1,0,1,1,1,"""false""","""false""",12,TRUE,TRUE,TRUE,TRUE,[],[],7
3DA79LNS59VAG18HKO83XGDEI2B3TU,Short word game, ,33PPUNGG38518Z0CR83JQMCY8AERZE,A1WNG0ZB1DC7R0,Approved,Thu Jul 23 15:07:02 PDT 2015,Thu Jul 23 15:08:31 PDT 2015,2,1,1,"""d""","""b""","""a""","""c""","""fep""","""tupa""",1,0,0,1,0,1,0,1,0,1,"""correct""","""false""",12,TRUE,TRUE,TRUE,TRUE,[],[],7
3DA79LNS59VAG18HKO83XGDEI2B3TU,Short word game, ,336YQZE83VEC453VFC0MFJBT1O7M5E,A2IA303OT5BBX0,Approved,Thu Jul 23 15:05:40 PDT 2015,Thu Jul 23 15:08:39 PDT 2015,2,1,1,"""c""","""a""","""b""","""d""","""fep""","""tupa""",1,0,0,1,0,1,0,1,0,1,"""correct""","""correct""",12,TRUE,TRUE,TRUE,TRUE,[],[],7
3DA79LNS59VAG18HKO83XGDEI2B3TU,Short word game, ,3NG53N1RLVJ1CQJA5QZH87FF8JJ8PY,A1WA3VMWGQJPYS,Approved,Thu Jul 23 15:06:04 PDT 2015,Thu Jul 23 15:08:42 PDT 2015,2,1,1,"""b""","""d""","""c""","""a""","""blicket""","""tupa""",1,0,1,1,1,1,1,1,0,1,"""correct""","""false""",12,TRUE,TRUE,TRUE,TRUE,[],[],7
3DA79LNS59VAG18HKO83XGDEI2B3TU,Short word game, ,3GD6L00D3SXDGN2CEPYACTYCP821MB,A3FJCLBK3HF4PD,Approved,Thu Jul 23 15:07:00 PDT 2015,Thu Jul 23 15:08:42 PDT 2015,2,1,1,"""c""","""d""","""a""","""b""","""blicket""","""fep""",1,0,1,1,1,1,1,1,0,1,"""false""","""false""",12,TRUE,TRUE,TRUE,TRUE,[],[],7
3DA79LNS59VAG18HKO83XGDEI2B3TU,Short word game, ,37U1UTWH9VMMO3ZPII36D2FU916R88,A3K43RI91Y567E,Approved,Thu Jul 23 15:06:59 PDT 2015,Thu Jul 23 15:08:46 PDT 2015,2,1,1,"""d""","""a""","""c""","""b""","""wug""","""fep""",0,1,0,0,0,0,0,1,1,1,"""false""","""false""",12,TRUE,TRUE,TRUE,TRUE,[],[],7
3DA79LNS59VAG18HKO83XGDEI2B3TU,Short word game, ,33SA9F9TRXU850Q2UFZCSBJXCJJWEF,A3H0XGON3XVK12,Approved,Thu Jul 23 15:07:19 PDT 2015,Thu Jul 23 15:09:01 PDT 2015,1,1,0,"""a""","""d""","""c""","""b""","""wug""","""fep""",1,0,0,1,0,1,0,1,0,1,"""correct""","""correct""",12,TRUE,TRUE,TRUE,TRUE,[],[],7
3DA79LNS59VAG18HKO83XGDEI2B3TU,Short word game, ,3IAEQB9FMEK3DUC2YKOSMT1CC7IWDM,ATSLRGR0Q491Z,Approved,Thu Jul 23 15:07:21 PDT 2015,Thu Jul 23 15:09:14 PDT 2015,2,1,1,"""a""","""d""","""b""","""c""","""tupa""","""blicket""",1,0,0,1,0,1,0,1,0,1,"""correct""","""correct""",12,TRUE,TRUE,TRUE,TRUE,[],[],7
3DA79LNS59VAG18HKO83XGDEI2B3TU,Short word game, ,32UTUBMZ7GWXJ8EDUESQ51UY2D5BVL,A2IXFVW8GE5NYE,Approved,Thu Jul 23 15:08:11 PDT 2015,Thu Jul 23 15:09:38 PDT 2015,2,1,1,"""c""","""a""","""d""","""b""","""tupa""","""blicket""",1,1,1,1,1,1,1,1,1,1,"""false""","""false""",12,TRUE,TRUE,TRUE,TRUE,[],[],7
3DA79LNS59VAG18HKO83XGDEI2B3TU,Short word game, ,3QAPZX2QN4DN2UD18OBQJF14EBG02H,A1HUJHCYLVWGKG,Approved,Thu Jul 23 15:07:30 PDT 2015,Thu Jul 23 15:09:49 PDT 2015,1,1,0,"""a""","""d""","""b""","""c""","""wug""","""fep""",1,0,0,1,0,1,0,1,0,1,"""correct""","""correct""",12,TRUE,TRUE,TRUE,TRUE,[],[],7
3DA79LNS59VAG18HKO83XGDEI2B3TU,Short word game, ,39KFRKBFINVY6WYR3UKWIKYRRTPYOK,A19CS1OXZSDDTT,Approved,Thu Jul 23 15:05:43 PDT 2015,Thu Jul 23 15:09:50 PDT 2015,2,1,1,"""c""","""b""","""a""","""d""","""blicket""","""tupa""",1,0,0,1,0,1,0,1,0,1,"""correct""","""correct""",12,TRUE,TRUE,TRUE,TRUE,[],[],7
3DA79LNS59VAG18HKO83XGDEI2B3TU,Short word game, ,3NPFYT4IZC4LEERJAFLMUXIGY15XGR,A347BIKLDRUUXM,Approved,Thu Jul 23 15:07:55 PDT 2015,Thu Jul 23 15:09:51 PDT 2015,1,1,0,"""a""","""c""","""d""","""b""","""fep""","""blicket""",1,0,0,1,0,1,1,1,0,1,"""correct""","""correct""",12,TRUE,TRUE,TRUE,TRUE,[],[],7
3DA79LNS59VAG18HKO83XGDEI2B3TU,Short word game, ,3KGTPGBS6XL3IGPH6VPA8MPBU0K2UM,AT2RJPFT9OW4S,Approved,Thu Jul 23 15:08:38 PDT 2015,Thu Jul 23 15:09:59 PDT 2015,2,1,1,"""b""","""a""","""c""","""d""","""fep""","""blicket""",1,0,0,1,0,1,0,1,0,1,"""correct""","""correct""",12,TRUE,TRUE,TRUE,TRUE,[],[],7
3DA79LNS59VAG18HKO83XGDEI2B3TU,Short word game, ,3R6BYFZZP7CF0EVOZVF4CCI4XM5XFS,A2XW9Z8RSTFT6S,Approved,Thu Jul 23 15:07:53 PDT 2015,Thu Jul 23 15:10:20 PDT 2015,1,1,0,"""c""","""d""","""b""","""a""","""tupa""","""blicket""",1,0,0,1,0,1,0,1,0,1,"""correct""","""correct""",12,TRUE,TRUE,TRUE,TRUE,[],[],7
3DA79LNS59VAG18HKO83XGDEI2B3TU,Short word game, ,39N5ACM9HEN1QV2KAI5V83AQSP1P94,AMCG1FIJC0NVZ,Approved,Thu Jul 23 15:07:37 PDT 2015,Thu Jul 23 15:10:38 PDT 2015,2,1,1,"""c""","""d""","""b""","""a""","""fep""","""wug""",1,0,0,1,0,1,0,1,0,1,"""correct""","""correct""",12,TRUE,TRUE,TRUE,TRUE,[],[],7
3DA79LNS59VAG18HKO83XGDEI2B3TU,Short word game, ,3NJM2BJS4W63OT9NM2FMATBYYA4PCL,A2XKIP0PJ3FJ20,Approved,Thu Jul 23 15:08:00 PDT 2015,Thu Jul 23 15:10:51 PDT 2015,1,1,0,"""c""","""a""","""b""","""d""","""blicket""","""fep""",1,0,1,1,1,1,1,1,0,1,"""correct""","""correct""",12,TRUE,TRUE,TRUE,TRUE,[],[],7
3DA79LNS59VAG18HKO83XGDEI2B3TU,Short word game, ,35GCEFQ6I5O9PXFAGI2N8O9I2WY3ZM,A3AE627X3R2JQI,Approved,Thu Jul 23 15:05:34 PDT 2015,Thu Jul 23 15:11:04 PDT 2015,1,1,0,"""d""","""b""","""a""","""c""","""blicket""","""wug""",1,0,0,0,0,1,0,1,0,1,"""correct""","""correct""",12,TRUE,TRUE,TRUE,TRUE,[],[],7
3DA79LNS59VAG18HKO83XGDEI2B3TU,Short word game, ,3SLE99ER0NDESSJNVBHTQ77UQOBBZL,A19D7LM867S9QZ,Approved,Thu Jul 23 15:09:40 PDT 2015,Thu Jul 23 15:11:13 PDT 2015,2,1,1,"""b""","""d""","""a""","""c""","""tupa""","""wug""",1,0,1,1,1,1,1,1,0,1,"""false""","""false""",12,TRUE,TRUE,TRUE,TRUE,[],[],7
3DA79LNS59VAG18HKO83XGDEI2B3TU,Short word game, ,3G2UL9A02DEP26WMGP82O7S32UN764,A32CIL5S21Y4MR,Approved,Thu Jul 23 15:09:22 PDT 2015,Thu Jul 23 15:11:16 PDT 2015,2,1,1,"""a""","""b""","""c""","""d""","""tupa""","""wug""",1,0,0,1,0,1,0,1,0,1,"""correct""","""correct""",12,TRUE,TRUE,TRUE,TRUE,[],[],7
3DA79LNS59VAG18HKO83XGDEI2B3TU,Short word game, ,3DZQRBDBSLFCOLTWLQ8FCVCFFHYS36,A24LUXW1DB1QI5,Approved,Thu Jul 23 15:07:29 PDT 2015,Thu Jul 23 15:11:17 PDT 2015,2,1,1,"""d""","""a""","""b""","""c""","""wug""","""tupa""",1,0,0,1,0,1,0,1,0,1,"""correct""","""correct""",12,TRUE,TRUE,TRUE,TRUE,[],[],7
3DA79LNS59VAG18HKO83XGDEI2B3TU,Short word game, ,3B837J3LDOW47NEYWG9BUTFVLVERS9,A2I3OSPZO0DML0,Approved,Thu Jul 23 15:06:02 PDT 2015,Thu Jul 23 15:11:19 PDT 2015,1,1,0,"""b""","""c""","""a""","""d""","""fep""","""wug""",1,0,0,1,0,1,0,1,0,1,"""correct""","""correct""",12,TRUE,TRUE,TRUE,TRUE,[],[],7
3DA79LNS59VAG18HKO83XGDEI2B3TU,Short word game, ,3TGOYF991XMC2SYJPFZGE5K3DR3UUW,A2KD1OZMH8ERI7,Approved,Thu Jul 23 15:10:04 PDT 2015,Thu Jul 23 15:11:40 PDT 2015,1,1,0,"""a""","""d""","""b""","""c""","""fep""","""blicket""",1,0,0,1,0,1,0,1,0,1,"""correct""","""correct""",12,TRUE,TRUE,TRUE,TRUE,[],[],7
3DA79LNS59VAG18HKO83XGDEI2B3TU,Short word game, ,3P59JYT76LKOI3AS6QZ03Q39BMD2TV,A3SPB30JP5I3BW,Approved,Thu Jul 23 15:08:29 PDT 2015,Thu Jul 23 15:11:57 PDT 2015,1,1,0,"""d""","""a""","""b""","""c""","""tupa""","""blicket""",1,0,0,1,0,1,0,1,0,1,"""correct""","""correct""",12,TRUE,TRUE,TRUE,TRUE,[],[],7
3DA79LNS59VAG18HKO83XGDEI2B3TU,Short word game, ,33UKMF9319KI2245P5JW4DCZBZOTTC,A2ZBDSR2LZNVAE,Approved,Thu Jul 23 15:09:17 PDT 2015,Thu Jul 23 15:12:02 PDT 2015,2,1,1,"""a""","""c""","""b""","""d""","""wug""","""blicket""",1,0,0,0,0,1,0,1,0,1,"""correct""","""correct""",12,TRUE,TRUE,TRUE,FALSE,[],[],7
3DA79LNS59VAG18HKO83XGDEI2B3TU,Short word game, ,3BEFOD78W6TU8MZV17HCAR5F1SC4MR,A1PLSMC6QGHPZK,Approved,Thu Jul 23 15:10:10 PDT 2015,Thu Jul 23 15:12:19 PDT 2015,1,1,0,"""d""","""c""","""a""","""b""","""blicket""","""fep""",1,0,1,1,1,1,0,1,0,1,"""correct""","""correct""",12,TRUE,TRUE,TRUE,TRUE,[],[],7
3DA79LNS59VAG18HKO83XGDEI2B3TU,Short word game, ,39GAF6DQWR0W6AWLSHZ1ZPHPG1E1VS,A2541C8MY0BYV3,Approved,Thu Jul 23 15:08:54 PDT 2015,Thu Jul 23 15:12:28 PDT 2015,1,1,0,"""c""","""b""","""d""","""a""","""blicket""","""fep""",1,0,1,1,1,1,1,1,0,1,"""correct""","""correct""",12,TRUE,TRUE,TRUE,TRUE,[],[],7
3DA79LNS59VAG18HKO83XGDEI2B3TU,Short word game, ,3KMS4QQVK2Q9GEWH0C0FMIA21DQKFQ,AK467M5VTG7N4,Approved,Thu Jul 23 15:11:05 PDT 2015,Thu Jul 23 15:12:31 PDT 2015,2,1,1,"""c""","""a""","""b""","""d""","""wug""","""fep""",1,0,1,1,0,1,1,1,0,1,"""correct""","""correct""",12,TRUE,TRUE,TRUE,TRUE,[],[],7
3DA79LNS59VAG18HKO83XGDEI2B3TU,Short word game, ,37KGEN7NJ3QMIIIRR71SUTA5XTJPPZ,A2YNN8T8ROWHES,Approved,Thu Jul 23 15:11:38 PDT 2015,Thu Jul 23 15:12:55 PDT 2015,1,1,0,"""b""","""c""","""d""","""a""","""tupa""","""blicket""",1,0,0,1,0,1,0,1,0,1,"""correct""","""correct""",12,TRUE,TRUE,TRUE,TRUE,[],[],7
3DA79LNS59VAG18HKO83XGDEI2B3TU,Short word game, ,3OCHAWUVGOKQG0N20661SPA95IMXKU,A8BGHKGBA8O33,Approved,Thu Jul 23 15:09:07 PDT 2015,Thu Jul 23 15:12:56 PDT 2015,2,1,1,"""d""","""c""","""a""","""b""","""wug""","""blicket""",1,0,0,0,0,1,0,1,0,1,"""correct""","""correct""",12,TRUE,TRUE,TRUE,TRUE,[],[],7
3DA79LNS59VAG18HKO83XGDEI2B3TU,Short word game, ,3X66WABAJWI9YGK5QQEYNHTCR653GY,A2VIVAI4IL9OWP,Approved,Thu Jul 23 15:11:15 PDT 2015,Thu Jul 23 15:13:01 PDT 2015,2,1,1,"""a""","""b""","""d""","""c""","""tupa""","""blicket""",1,0,1,1,1,1,1,1,0,1,"""correct""","""correct""",12,TRUE,TRUE,TRUE,TRUE,[],[],7
3DA79LNS59VAG18HKO83XGDEI2B3TU,Short word game, ,3NS0A6KXC48AJ9RYBX97RIYR613GZ7,A2FUPODRRCESB,Approved,Thu Jul 23 15:06:58 PDT 2015,Thu Jul 23 15:13:17 PDT 2015,2,1,1,"""c""","""d""","""b""","""a""","""wug""","""tupa""",1,0,0,1,0,1,0,1,0,1,"""correct""","""correct""",12,TRUE,TRUE,TRUE,TRUE,[],[],7
3DA79LNS59VAG18HKO83XGDEI2B3TU,Short word game, ,3IQ1VMJRYTKU3RWILZNYI8LVT319A8,A1JV64BL3WCK0G,Approved,Thu Jul 23 15:10:25 PDT 2015,Thu Jul 23 15:13:19 PDT 2015,1,1,0,"""c""","""a""","""d""","""b""","""blicket""","""wug""",1,0,0,1,0,1,0,1,0,1,"""correct""","""correct""",12,TRUE,TRUE,TRUE,TRUE,[],[],7
3DA79LNS59VAG18HKO83XGDEI2B3TU,Short word game, ,3FE2ERCCZX84XI6QC7OD5T5FNONPOI,A3JVVAT09S6HMK,Approved,Thu Jul 23 15:11:25 PDT 2015,Thu Jul 23 15:13:31 PDT 2015,1,1,0,"""c""","""a""","""b""","""d""","""wug""","""blicket""",1,0,0,1,0,1,0,1,0,1,"""correct""","""correct""",12,TRUE,TRUE,TRUE,TRUE,[],[],7
3DA79LNS59VAG18HKO83XGDEI2B3TU,Short word game, ,3E7TUJ2EGCMS1YZU59E089T1E6Y9DA,A29PB2C8XD8TVG,Approved,Thu Jul 23 15:11:17 PDT 2015,Thu Jul 23 15:13:46 PDT 2015,1,1,0,"""a""","""b""","""d""","""c""","""tupa""","""blicket""",1,0,0,1,0,1,0,1,0,0,"""correct""","""correct""",12,TRUE,TRUE,TRUE,TRUE,[],[],7
3DA79LNS59VAG18HKO83XGDEI2B3TU,Short word game, ,3AWETUDC92SOF0XT1L9ACUB7LEUZIH,A1XLB2UVG3RFG,Approved,Thu Jul 23 15:12:18 PDT 2015,Thu Jul 23 15:14:15 PDT 2015,2,1,1,"""c""","""b""","""a""","""d""","""blicket""","""fep""",1,0,1,1,0,1,1,1,1,1,"""false""","""false""",12,TRUE,TRUE,TRUE,FALSE,[],[],7
3DA79LNS59VAG18HKO83XGDEI2B3TU,Short word game, ,339ANSOTR52TQ5Y71K60PFNUH5IKIH,AHKS9HEI017YQ,Approved,Thu Jul 23 15:12:21 PDT 2015,Thu Jul 23 15:14:32 PDT 2015,2,1,1,"""a""","""d""","""c""","""b""","""blicket""","""tupa""",1,0,0,0,0,1,0,1,0,1,"""correct""","""correct""",12,TRUE,TRUE,TRUE,FALSE,[],[],7
3DA79LNS59VAG18HKO83XGDEI2B3TU,Short word game, ,3HYA4D452RJEZYSRB6UBMMO8KD4F2Z,A24TG1B5IY8YZ5,Approved,Thu Jul 23 15:10:26 PDT 2015,Thu Jul 23 15:14:44 PDT 2015,2,1,1,"""b""","""d""","""c""","""a""","""fep""","""wug""",1,0,1,1,1,1,1,1,0,1,"""false""","""correct""",12,TRUE,TRUE,TRUE,TRUE,[],[],7
3DA79LNS59VAG18HKO83XGDEI2B3TU,Short word game, ,33ISQZVXPPMKU40JHXTGQTCRZRPCCU,A35FNGYJQBDRPE,Approved,Thu Jul 23 15:12:25 PDT 2015,Thu Jul 23 15:14:59 PDT 2015,2,1,1,"""d""","""a""","""c""","""b""","""tupa""","""wug""",1,0,1,1,0,1,0,1,0,1,"""correct""","""correct""",12,TRUE,TRUE,TRUE,TRUE,[],[],7
3DA79LNS59VAG18HKO83XGDEI2B3TU,Short word game, ,30MVJZJNHMD54KZMF50BB7OEJQV9JO,A3GGPPPM71PZT2,Approved,Thu Jul 23 15:12:55 PDT 2015,Thu Jul 23 15:15:09 PDT 2015,1,1,0,"""b""","""d""","""a""","""c""","""fep""","""blicket""",1,0,0,1,0,1,0,1,0,1,"""correct""","""correct""",12,TRUE,TRUE,TRUE,TRUE,[],[],7
3DA79LNS59VAG18HKO83XGDEI2B3TU,Short word game, ,3D4CH1LGEATVDI9L7ZF8EUWYRYE9GK,A2H5V1V8QIY8Y7,Approved,Thu Jul 23 15:12:28 PDT 2015,Thu Jul 23 15:15:15 PDT 2015,2,1,1,"""d""","""b""","""a""","""c""","""tupa""","""blicket""",1,0,1,1,1,1,0,1,0,1,"""correct""","""correct""",12,TRUE,TRUE,TRUE,TRUE,[],[],7
3DA79LNS59VAG18HKO83XGDEI2B3TU,Short word game, ,3R08VXYT7CVNWLBS77L6M1RGQWG7W5,A2P065E9CYMYJL,Approved,Thu Jul 23 15:14:10 PDT 2015,Thu Jul 23 15:15:35 PDT 2015,2,1,1,"""d""","""c""","""b""","""a""","""wug""","""blicket""",1,0,0,1,0,1,0,1,0,1,"""correct""","""correct""",12,TRUE,TRUE,TRUE,TRUE,[],[],7
3DA79LNS59VAG18HKO83XGDEI2B3TU,Short word game, ,31IBVUNM9SZNWPQTZGEMORLJHBXVFN,A2ZMO6F9N2UZ0F,Approved,Thu Jul 23 15:13:50 PDT 2015,Thu Jul 23 15:15:36 PDT 2015,2,1,1,"""b""","""c""","""a""","""d""","""wug""","""fep""",1,0,1,1,1,1,1,1,0,1,"""correct""","""false""",12,TRUE,TRUE,TRUE,TRUE,[],[],7
3DA79LNS59VAG18HKO83XGDEI2B3TU,Short word game, ,3PB5A5BD0V6RZZLSS2HO0Y5SW8Q7G6,A2B0FLA55RH047,Approved,Thu Jul 23 15:11:01 PDT 2015,Thu Jul 23 15:16:00 PDT 2015,2,1,1,"""c""","""b""","""d""","""a""","""tupa""","""fep""",1,0,1,1,1,1,1,1,0,1,"""correct""","""correct""",12,TRUE,TRUE,TRUE,TRUE,[],[],7
3DA79LNS59VAG18HKO83XGDEI2B3TU,Short word game, ,3SNLUL3WO4N9J2BPG17FNIOK00AUL2,A1945USNZHTROX,Approved,Thu Jul 23 15:07:38 PDT 2015,Thu Jul 23 15:16:01 PDT 2015,1,1,0,"""a""","""c""","""d""","""b""","""blicket""","""fep""",1,0,0,1,0,1,0,1,0,1,"""correct""","""correct""",12,TRUE,TRUE,TRUE,TRUE,[],[],7
3DA79LNS59VAG18HKO83XGDEI2B3TU,Short word game, ,3KAKFY4PGU2NU7Q0GEE18T6S6JWI34,A35KJFS2GT4I1D,Approved,Thu Jul 23 15:13:57 PDT 2015,Thu Jul 23 15:16:04 PDT 2015,2,1,1,"""a""","""c""","""b""","""d""","""blicket""","""tupa""",1,0,0,1,0,1,0,1,0,1,"""correct""","""correct""",12,TRUE,TRUE,TRUE,TRUE,[],[],7
3DA79LNS59VAG18HKO83XGDEI2B3TU,Short word game, ,3Z7ISHFUH0VVQULGSZXJZ5HTIIPZ89,A1PI3EYSKGK1L6,Approved,Thu Jul 23 15:08:33 PDT 2015,Thu Jul 23 15:16:59 PDT 2015,1,1,0,"""b""","""a""","""c""","""d""","""fep""","""wug""",1,0,0,1,0,1,0,1,0,1,"""correct""","""correct""",12,TRUE,TRUE,TRUE,TRUE,[],[],7
3DA79LNS59VAG18HKO83XGDEI2B3TU,Short word game, ,3PS7W85Z8Z2ZINVRRZEFDDBNHSM9TT,A3TK7HVFEKB00R,Approved,Thu Jul 23 15:15:48 PDT 2015,Thu Jul 23 15:17:12 PDT 2015,2,1,1,"""b""","""c""","""a""","""d""","""blicket""","""tupa""",0,0,0,0,0,0,0,1,0,0,"""false""","""false""",12,TRUE,TRUE,TRUE,FALSE,[],[],7
3DA79LNS59VAG18HKO83XGDEI2B3TU,Short word game, ,3TK8OJTYM1LZN2FNDJAR0LZNJHKPVK,A1PKPMAIW8KHON,Approved,Thu Jul 23 15:14:17 PDT 2015,Thu Jul 23 15:17:29 PDT 2015,1,1,0,"""a""","""d""","""c""","""b""","""tupa""","""wug""",1,0,0,1,0,1,0,1,0,1,"""correct""","""correct""",12,TRUE,TRUE,TRUE,TRUE,[],[],7
3DA79LNS59VAG18HKO83XGDEI2B3TU,Short word game, ,3OCHAWUVGOKQG0N20661SPA95IMKXH,A2YR5M2I1YCH75,Approved,Thu Jul 23 15:14:45 PDT 2015,Thu Jul 23 15:17:45 PDT 2015,2,1,1,"""b""","""d""","""c""","""a""","""tupa""","""wug""",1,0,0,1,0,1,0,1,0,1,"""correct""","""correct""",12,TRUE,TRUE,TRUE,TRUE,[],[],7
3DA79LNS59VAG18HKO83XGDEI2B3TU,Short word game, ,3CP1TO84PT1MX1Z25UH20AXVVJQ253,A3SVLRQ9B8P3XD,Approved,Thu Jul 23 15:11:23 PDT 2015,Thu Jul 23 15:18:31 PDT 2015,2,1,1,"""d""","""b""","""a""","""c""","""wug""","""fep""",1,0,0,0,0,1,0,1,0,1,"""correct""","""correct""",12,TRUE,TRUE,TRUE,TRUE,[],[],7
3DA79LNS59VAG18HKO83XGDEI2B3TU,Short word game, ,37ZHEEHM6WMQ5N94XNA4H4GJS3L73Y,AHAJG2TJ4P3G2,Approved,Thu Jul 23 15:09:02 PDT 2015,Thu Jul 23 15:18:38 PDT 2015,2,1,1,"""c""","""d""","""a""","""b""","""wug""","""fep""",1,0,0,1,0,1,0,1,0,1,"""correct""","""correct""",12,TRUE,TRUE,TRUE,TRUE,[],[],7
3DA79LNS59VAG18HKO83XGDEI2B3TU,Short word game, ,30IQTZXKAK6O3AGYWDWJ95V0RKH0XS,ALEJWTTZHO3AV,Approved,Thu Jul 23 15:12:59 PDT 2015,Thu Jul 23 15:18:38 PDT 2015,1,1,0,"""c""","""d""","""a""","""b""","""blicket""","""tupa""",1,0,0,1,0,1,0,1,0,1,"""correct""","""correct""",12,TRUE,TRUE,TRUE,TRUE,[],[],7
3DA79LNS59VAG18HKO83XGDEI2B3TU,Short word game, ,3NXNZ5RS1AXCKPYKEWBE8HJ5SVV97H,A6P75FUXZD5X2,Approved,Thu Jul 23 15:10:06 PDT 2015,Thu Jul 23 15:21:34 PDT 2015,1,1,0,"""d""","""c""","""b""","""a""","""tupa""","""wug""",1,0,1,1,1,1,1,1,0,1,"""correct""","""correct""",12,TRUE,TRUE,TRUE,TRUE,[],[],7
3DA79LNS59VAG18HKO83XGDEI2B3TU,Short word game, ,3LO69W1SU3DQEKAUWWIYJ3NTRSVGLO,A3L1VB6K50WQ44,Approved,Thu Jul 23 15:03:51 PDT 2015,Thu Jul 23 15:22:49 PDT 2015,2,1,1,"""d""","""b""","""a""","""c""","""tupa""","""wug""",1,0,1,1,1,1,1,1,0,1,"""correct""","""correct""",12,TRUE,TRUE,TRUE,TRUE,[],[],7
3DA79LNS59VAG18HKO83XGDEI2B3TU,Short word game, ,3LRKMWOKB5HK4FJRCIOIPE4QWIXZ26,A17Y0LJ0OO8ODX,Approved,Thu Jul 23 15:07:59 PDT 2015,Thu Jul 23 15:24:13 PDT 2015,1,1,0,"""a""","""b""","""d""","""c""","""wug""","""tupa""",1,0,0,1,0,1,0,1,0,1,"""correct""","""correct""",12,TRUE,TRUE,TRUE,TRUE,[],[],7
3DA79LNS59VAG18HKO83XGDEI2B3TU,Short word game, ,34QN5IT0TZRYO9FQO5KRT6E70B808K,AKNV05F5X5YAC,Approved,Thu Jul 23 15:08:21 PDT 2015,Thu Jul 23 15:27:34 PDT 2015,1,1,0,"""c""","""d""","""a""","""b""","""fep""","""tupa""",0,0,0,0,0,1,0,1,0,1,"""correct""","""correct""",12,TRUE,TRUE,TRUE,TRUE,[],[],7
3DA79LNS59VAG18HKO83XGDEI2B3TU,Short word game, ,3A7Y0R2P2OOV5GHKIL6PRAAWQTKJXF,A2S3MXU8T2I5H0,Approved,Thu Jul 23 14:41:08 PDT 2015,Thu Jul 23 15:28:15 PDT 2015,2,1,1,"""a""","""d""","""c""","""b""","""tupa""","""fep""",1,0,1,1,1,1,1,1,0,1,"""false""","""false""",12,TRUE,TRUE,TRUE,TRUE,[],[],7
3DA79LNS59VAG18HKO83XGDEI2B3TU,Short word game, ,369J354OFDA8VZ7N9SCWUK5W1X5G6F,A5NE8TWS8ZV7B,Approved,Thu Jul 23 15:05:19 PDT 2015,Thu Jul 23 15:28:17 PDT 2015,2,1,1,"""b""","""d""","""a""","""c""","""wug""","""blicket""",0,0,0,1,0,1,0,1,0,1,"""correct""","""false""",12,TRUE,TRUE,TRUE,TRUE,[],[],7
3DA79LNS59VAG18HKO83XGDEI2B3TU,Short word game, ,39JEC7537U1GTD6J8EOLGL0GKY5VCC,A3A8P4UR9A0DWQ,Approved,Thu Jul 23 15:13:30 PDT 2015,Thu Jul 23 15:29:15 PDT 2015,1,1,0,"""c""","""b""","""d""","""a""","""fep""","""blicket""",1,0,0,1,0,1,0,1,0,1,"""correct""","""correct""",12,TRUE,TRUE,TRUE,TRUE,[],[],7
3DA79LNS59VAG18HKO83XGDEI2B3TU,Short word game, ,3PM8NZGV8YGCR3LXDBQYOBMI4OEXQM,A1Q5KU5RVDE67,Approved,Thu Jul 23 15:09:52 PDT 2015,Thu Jul 23 15:50:54 PDT 2015,1,1,0,"""b""","""a""","""c""","""d""","""blicket""","""fep""",1,0,0,1,0,1,0,1,0,1,"""correct""","""correct""",12,TRUE,TRUE,TRUE,TRUE,[],[],7
3DA79LNS59VAG18HKO83XGDEI2B3TU,Short word game, ,3S0TNUHWKTISNTGK0H8M8DYQVBOD8K,A3Z2TQHF1KNRP,Approved,Fri Jul 31 08:48:51 PDT 2015,Fri Jul 31 08:50:12 PDT 2015,1,1,0,"""d""","""b""","""a""","""c""","""tupa""","""wug""",1,0,0,1,0,1,0,1,0,1,"""correct""","""correct""",12,TRUE,TRUE,TRUE,TRUE,[],[],7
3DA79LNS59VAG18HKO83XGDEI2B3TU,Short word game, ,33LK57MYLT5D9E0P6X3OGWHUVN4ZS4,A3TVWZWBSE49M1,Approved,Fri Jul 31 08:48:51 PDT 2015,Fri Jul 31 08:51:13 PDT 2015,1,1,0,"""d""","""a""","""c""","""b""","""tupa""","""fep""",1,0,0,1,0,1,0,1,0,1,"""correct""","""correct""",12,TRUE,TRUE,TRUE,TRUE,[],[],7
3DA79LNS59VAG18HKO83XGDEI2B3TU,Short word game, ,3QY5DC2MXRKNJA1TUQ4HS5J04FWFUD,A1HH026NMP017B,Approved,Fri Jul 31 08:51:27 PDT 2015,Fri Jul 31 08:53:02 PDT 2015,2,1,1,"""b""","""a""","""d""","""c""","""blicket""","""wug""",1,0,0,1,0,1,0,1,0,1,"""correct""","""correct""",12,TRUE,TRUE,TRUE,TRUE,[],[],7
3DA79LNS59VAG18HKO83XGDEI2B3TU,Short word game, ,3TMSXRD2X609LZWQIR4XLR03OLOW1S,A2WROT8QGFDS86,Approved,Fri Jul 31 08:54:38 PDT 2015,Fri Jul 31 08:55:53 PDT 2015,2,1,1,"""c""","""d""","""a""","""b""","""fep""","""wug""",1,0,1,1,1,1,1,0,0,1,"""false""","""correct""",12,TRUE,TRUE,TRUE,TRUE,[],[],7
3DA79LNS59VAG18HKO83XGDEI2B3TU,Short word game, ,3ATTHHXXWAOZA5XE03LPF9VWEP5IXZ,A20EU0UH5K3VGE,Approved,Fri Jul 31 09:01:12 PDT 2015,Fri Jul 31 09:03:17 PDT 2015,2,1,1,"""a""","""c""","""b""","""d""","""fep""","""blicket""",1,0,0,1,0,1,0,1,0,1,"""correct""","""correct""",12,TRUE,TRUE,TRUE,TRUE,[],[],7
3DA79LNS59VAG18HKO83XGDEI2B3TU,Short word game, ,35K3O9HUABD6UE474QPCONXXIR3EFW,A2QYXUJT2BERYR,Approved,Fri Jul 31 09:00:36 PDT 2015,Fri Jul 31 09:04:06 PDT 2015,1,1,0,"""a""","""d""","""c""","""b""","""fep""","""blicket""",1,0,0,1,0,1,0,1,0,1,"""correct""","""correct""",12,TRUE,TRUE,TRUE,TRUE,[],[],7
3DA79LNS59VAG18HKO83XGDEI2B3TU,Short word game, ,3FTYUGLFSUL90BXI2J1JWTOZTLN5DA,A3VIQ9XPOYB8K6,Approved,Fri Jul 31 08:48:28 PDT 2015,Fri Jul 31 09:05:48 PDT 2015,1,1,0,"""d""","""a""","""b""","""c""","""blicket""","""wug""",1,0,0,0,0,1,0,1,0,1,"""correct""","""correct""",12,TRUE,TRUE,TRUE,TRUE,[],[],7
3DA79LNS59VAG18HKO83XGDEI2B3TU,Short word game, ,37W3JXSD6686B57TUGB6ZEBDV6XYWS,A2NOF3S6DHW2WG,Approved,Fri Jul 31 09:04:25 PDT 2015,Fri Jul 31 09:06:18 PDT 2015,2,1,1,"""a""","""b""","""d""","""c""","""blicket""","""fep""",1,0,0,1,0,1,0,1,0,1,"""correct""","""correct""",12,TRUE,TRUE,TRUE,TRUE,[],[],7
3DA79LNS59VAG18HKO83XGDEI2B3TU,Short word game, ,3VP0C6EFSGW8N939KVAR7PPTYUR6MA,A2V5XEHKGQ916A,Approved,Fri Jul 31 09:03:02 PDT 2015,Fri Jul 31 09:06:54 PDT 2015,2,1,1,"""a""","""b""","""d""","""c""","""blicket""","""tupa""",1,0,0,1,0,1,0,1,0,1,"""correct""","""correct""",12,TRUE,TRUE,TRUE,TRUE,[],[],7
3DA79LNS59VAG18HKO83XGDEI2B3TU,Short word game, ,37Q970SNZE8GEIFHYMUWO2XII8T1SJ,A3H41ZSSOG61LG,Approved,Fri Jul 31 09:05:56 PDT 2015,Fri Jul 31 09:08:12 PDT 2015,1,1,0,"""b""","""c""","""a""","""d""","""fep""","""tupa""",1,0,0,1,0,1,0,1,0,1,"""correct""","""correct""",12,TRUE,TRUE,TRUE,TRUE,[],[],7
3DA79LNS59VAG18HKO83XGDEI2B3TU,Short word game, ,3S96KQ6I9M4BLD883FJHZ9UD9O9DT9,A192EJRA8LJYMV,Approved,Fri Jul 31 09:08:29 PDT 2015,Fri Jul 31 09:11:34 PDT 2015,2,1,1,"""b""","""d""","""c""","""a""","""blicket""","""fep""",0,0,0,1,0,1,0,1,0,1,"""correct""","""false""",12,TRUE,TRUE,TRUE,TRUE,[],[],7
3DA79LNS59VAG18HKO83XGDEI2B3TU,Short word game, ,324G5B4FB38UOVA7E0SLF6ICQ2A70Z,A1A0KQOM0EP2P,Approved,Fri Jul 31 09:10:02 PDT 2015,Fri Jul 31 09:12:32 PDT 2015,2,1,1,"""d""","""a""","""c""","""b""","""fep""","""wug""",1,1,1,1,0,1,1,1,0,1,"""correct""","""correct""",12,TRUE,TRUE,TRUE,TRUE,[],[],7
3DA79LNS59VAG18HKO83XGDEI2B3TU,Short word game, ,31T4R4OBOSGEIN5NQGL5A7KDZR77CS,AUUD28U2O0SPY,Approved,Fri Jul 31 09:11:52 PDT 2015,Fri Jul 31 09:13:32 PDT 2015,1,1,0,"""c""","""d""","""b""","""a""","""wug""","""fep""",0,0,0,1,0,1,0,1,0,1,"""correct""","""correct""",12,TRUE,TRUE,TRUE,TRUE,[],[],7
3DA79LNS59VAG18HKO83XGDEI2B3TU,Short word game, ,3LPW2N6LKT2VHD84OER86TSNFLIU59,A7LKWOBE6816V,Approved,Fri Jul 31 09:11:05 PDT 2015,Fri Jul 31 09:13:38 PDT 2015,2,1,1,"""b""","""d""","""a""","""c""","""wug""","""fep""",1,0,1,1,1,1,1,1,0,1,"""correct""","""correct""",12,TRUE,TRUE,TRUE,TRUE,[],[],7
3DA79LNS59VAG18HKO83XGDEI2B3TU,Short word game, ,3QILPRALQ5V1957XPBMP4IAK9FRN8D,A1S0JKGJLC87A6,Approved,Fri Jul 31 09:12:37 PDT 2015,Fri Jul 31 09:14:09 PDT 2015,2,1,1,"""c""","""a""","""d""","""b""","""tupa""","""wug""",1,0,1,1,1,1,1,1,0,1,"""correct""","""correct""",12,TRUE,TRUE,TRUE,TRUE,[],[],7
3DA79LNS59VAG18HKO83XGDEI2B3TU,Short word game, ,3QY5DC2MXRKNJA1TUQ4HS5J04FWUFS,A2TYLR23CHRULH,Approved,Fri Jul 31 09:14:10 PDT 2015,Fri Jul 31 09:16:10 PDT 2015,1,1,0,"""d""","""b""","""a""","""c""","""wug""","""tupa""",1,0,0,1,0,1,0,1,0,1,"""correct""","""correct""",12,TRUE,TRUE,TRUE,TRUE,[],[],7
3DA79LNS59VAG18HKO83XGDEI2B3TU,Short word game, ,304SM51WA34HRGX90JNLUEAR4KKSBT,A3OX93HY3LZD3P,Approved,Fri Jul 31 09:14:33 PDT 2015,Fri Jul 31 09:16:52 PDT 2015,1,1,0,"""b""","""a""","""d""","""c""","""blicket""","""wug""",1,0,0,1,0,1,0,1,0,1,"""correct""","""correct""",12,TRUE,TRUE,TRUE,TRUE,[],[],7
3DA79LNS59VAG18HKO83XGDEI2B3TU,Short word game, ,3MX2NQ3YC9UNYH2ZTJ2VQ0RR9315XE,A101UQ0WHD6MHA,Approved,Fri Jul 31 09:15:55 PDT 2015,Fri Jul 31 09:17:46 PDT 2015,2,1,1,"""a""","""d""","""b""","""c""","""blicket""","""wug""",1,0,0,0,0,0,0,1,0,1,"""correct""","""correct""",12,TRUE,TRUE,TRUE,FALSE,[],[],7
3DA79LNS59VAG18HKO83XGDEI2B3TU,Short word game, ,37U1UTWH9VMMO3ZPII36D2FUACH8RN,ACP5OSFS4WW3Y,Approved,Fri Jul 31 09:17:15 PDT 2015,Fri Jul 31 09:19:13 PDT 2015,1,1,0,"""c""","""d""","""b""","""a""","""tupa""","""blicket""",1,0,0,1,0,1,0,1,0,1,"""correct""","""correct""",12,TRUE,TRUE,TRUE,TRUE,[],[],7
3DA79LNS59VAG18HKO83XGDEI2B3TU,Short word game, ,30JNVC0OR9KF5DLI878CLPYOH94QHI,A155KQLJIVHGCL,Approved,Fri Jul 31 09:21:45 PDT 2015,Fri Jul 31 09:24:29 PDT 2015,1,1,0,"""b""","""c""","""d""","""a""","""blicket""","""fep""",1,0,0,1,0,1,0,1,0,1,"""correct""","""correct""",12,TRUE,TRUE,TRUE,TRUE,[],[],7
3DA79LNS59VAG18HKO83XGDEI2B3TU,Short word game, ,3NKQQ8O39Y5QLQNX3K9R45GFS2GUDH,A21EFJ972J40T6,Approved,Fri Jul 31 09:14:04 PDT 2015,Fri Jul 31 09:24:34 PDT 2015,1,1,0,"""c""","""d""","""b""","""a""","""blicket""","""fep""",1,0,0,1,0,1,0,1,0,1,"""correct""","""correct""",12,TRUE,TRUE,TRUE,TRUE,[],[],7
3DA79LNS59VAG18HKO83XGDEI2B3TU,Short word game, ,3VELCLL3GKJ7ADAVS2UXH3E3TI01F1,AKNMMINWY1MLT,Approved,Fri Jul 31 09:23:09 PDT 2015,Fri Jul 31 09:24:50 PDT 2015,2,1,1,"""d""","""c""","""a""","""b""","""blicket""","""fep""",1,0,0,1,0,1,0,1,0,1,"""correct""","""correct""",12,TRUE,TRUE,TRUE,TRUE,[],[],7
3DA79LNS59VAG18HKO83XGDEI2B3TU,Short word game, ,3N1FSUEFL50R4STIOEI9R1ILTPU4D6,A3A6VQ859Y46QF,Approved,Fri Jul 31 09:28:45 PDT 2015,Fri Jul 31 09:31:08 PDT 2015,1,1,0,"""a""","""b""","""d""","""c""","""wug""","""tupa""",1,0,0,1,0,1,0,1,0,1,"""correct""","""correct""",12,TRUE,TRUE,TRUE,TRUE,[],[],7
3DA79LNS59VAG18HKO83XGDEI2B3TU,Short word game, ,3KJYX6QCM9B31RCPI6573PDBBTOJVB,A1S4L9T87MGSF6,Approved,Fri Jul 31 09:31:13 PDT 2015,Fri Jul 31 09:36:09 PDT 2015,2,1,1,"""a""","""d""","""c""","""b""","""tupa""","""blicket""",1,1,0,0,0,1,0,1,1,1,"""correct""","""correct""",12,TRUE,FALSE,TRUE,FALSE,[],[],7
3DA79LNS59VAG18HKO83XGDEI2B3TU,Short word game, ,3OLQQLKKNSPMZGQ3NGGX3LPPBYLEJ0,A1IB8KMD74GSUT,Approved,Fri Jul 31 09:34:37 PDT 2015,Fri Jul 31 09:36:42 PDT 2015,2,1,1,"""d""","""c""","""b""","""a""","""fep""","""blicket""",1,0,0,1,0,1,1,1,0,1,"""correct""","""correct""",12,TRUE,TRUE,TRUE,TRUE,[],[],7
3DA79LNS59VAG18HKO83XGDEI2B3TU,Short word game, ,3XC1O3LBOSMUJPW0GWH5IM2IIXCLTY,A27LGC4MU1R7PQ,Approved,Fri Jul 31 09:29:39 PDT 2015,Fri Jul 31 09:37:29 PDT 2015,2,1,1,"""a""","""c""","""d""","""b""","""fep""","""wug""",1,0,0,0,0,1,0,1,0,1,"""correct""","""correct""",12,TRUE,TRUE,TRUE,TRUE,[],[],7
3DA79LNS59VAG18HKO83XGDEI2B3TU,Short word game, ,3C44YUNSI1PDTLF1MYAXUZTGKLQPDI,A17I88FWG7XU6A,Approved,Fri Jul 31 09:41:09 PDT 2015,Fri Jul 31 09:43:19 PDT 2015,2,1,1,"""b""","""d""","""c""","""a""","""fep""","""blicket""",1,0,1,1,1,1,1,1,0,1,"""correct""","""correct""",12,TRUE,TRUE,TRUE,TRUE,[],[],7
3DA79LNS59VAG18HKO83XGDEI2B3TU,Short word game, ,3TR2532VIPUIM1XOHYXZRXXCU0WJ6J,A11SMS4CF6W26Y,Approved,Fri Jul 31 09:44:27 PDT 2015,Fri Jul 31 09:46:26 PDT 2015,1,1,0,"""b""","""d""","""c""","""a""","""tupa""","""blicket""",0,1,0,0,0,0,1,1,1,1,"""correct""","""correct""",12,TRUE,FALSE,TRUE,FALSE,[],[],7
3DA79LNS59VAG18HKO83XGDEI2B3TU,Short word game, ,3QFUFYSY9YFO2C7EFKDZF1L652AF4S,A1WR2GRPF7HN6I,Approved,Fri Jul 31 09:44:58 PDT 2015,Fri Jul 31 09:47:29 PDT 2015,2,1,1,"""d""","""b""","""a""","""c""","""fep""","""tupa""",1,0,1,1,1,1,1,1,0,1,"""correct""","""correct""",12,TRUE,TRUE,TRUE,TRUE,[],[],7
3DA79LNS59VAG18HKO83XGDEI2B3TU,Short word game, ,3A9AA95ATWMIP8087SSEWN5O74RP59,A1A7U8TF7JAMGN,Approved,Fri Jul 31 09:42:17 PDT 2015,Fri Jul 31 09:48:50 PDT 2015,1,1,0,"""b""","""a""","""d""","""c""","""fep""","""wug""",1,0,0,1,0,1,0,1,0,1,"""correct""","""correct""",12,TRUE,TRUE,TRUE,TRUE,[],[],7
3DA79LNS59VAG18HKO83XGDEI2B3TU,Short word game, ,3COPXFW7XBCL7RLBEFWKYCO64UNKPQ,A2ESDST09OOE0M,Approved,Fri Jul 31 09:47:42 PDT 2015,Fri Jul 31 09:51:15 PDT 2015,1,1,0,"""c""","""b""","""a""","""d""","""blicket""","""fep""",1,0,0,1,0,1,0,1,0,1,"""correct""","""correct""",12,TRUE,TRUE,TRUE,TRUE,[],[],7
3DA79LNS59VAG18HKO83XGDEI2B3TU,Short word game, ,32XVDSJFPZXK58K8XTYOHC8HIPQ2MQ,A2ZHML9EIXMPQ,Approved,Fri Jul 31 09:49:38 PDT 2015,Fri Jul 31 09:51:59 PDT 2015,1,1,0,"""c""","""a""","""b""","""d""","""fep""","""wug""",1,0,1,1,1,1,1,1,0,1,"""correct""","""correct""",12,TRUE,TRUE,TRUE,TRUE,[],[],7
3DA79LNS59VAG18HKO83XGDEI2B3TU,Short word game, ,3IOEN3P9S7JBRKHKR9RTNX1Q0KY161,A2N962G55T9MOB,Approved,Fri Jul 31 09:55:55 PDT 2015,Fri Jul 31 09:58:18 PDT 2015,2,1,1,"""a""","""b""","""c""","""d""","""tupa""","""fep""",1,0,0,1,0,1,0,1,0,1,"""correct""","""correct""",12,TRUE,TRUE,TRUE,TRUE,[],[],7
3DA79LNS59VAG18HKO83XGDEI2B3TU,Short word game, ,3P4MQ7TPPXCIAUG7PX1Q4P0R0WZBBC,A3A6IRYD075F4P,Approved,Fri Jul 31 09:59:55 PDT 2015,Fri Jul 31 10:01:19 PDT 2015,1,1,0,"""b""","""d""","""c""","""a""","""tupa""","""wug""",1,0,0,1,0,1,0,1,0,1,"""correct""","""correct""",12,TRUE,TRUE,TRUE,TRUE,[],[],7
3DA79LNS59VAG18HKO83XGDEI2B3TU,Short word game, ,3180JW2OT4CM3XXACFNUZRJCY5M5JQ,A3FRKRVYVXJ5L1,Approved,Fri Jul 31 09:50:17 PDT 2015,Fri Jul 31 10:03:42 PDT 2015,1,1,0,"""c""","""a""","""d""","""b""","""wug""","""fep""",1,0,0,0,0,1,0,1,0,1,"""correct""","""correct""",12,TRUE,TRUE,TRUE,TRUE,[],[],7
3DA79LNS59VAG18HKO83XGDEI2B3TU,Short word game, ,33L7PJKHCGYZ4ICHM781DHGCYXDT8K,A248P03SBIGVNH,Approved,Fri Jul 31 09:23:41 PDT 2015,Fri Jul 31 10:04:02 PDT 2015,1,1,0,"""b""","""d""","""c""","""a""","""tupa""","""fep""",1,0,0,1,0,1,0,1,0,1,"""correct""","""correct""",12,TRUE,TRUE,TRUE,TRUE,[],[],7
3DA79LNS59VAG18HKO83XGDEI2B3TU,Short word game, ,3GLB5JMZFXV7G8M2JFKA0QFOJU3GD5,A662X8JEVDN7Z,Approved,Fri Jul 31 10:05:21 PDT 2015,Fri Jul 31 10:06:58 PDT 2015,1,1,0,"""b""","""d""","""a""","""c""","""tupa""","""wug""",1,0,0,1,0,1,0,1,0,1,"""correct""","""correct""",12,TRUE,TRUE,TRUE,TRUE,[],[],7
3DA79LNS59VAG18HKO83XGDEI2B3TU,Short word game, ,3R6BYFZZP7CF0EVOZVF4CCI4YXEFX6,ACFMXT9ZGJJYZ,Approved,Fri Jul 31 09:22:53 PDT 2015,Fri Jul 31 10:09:13 PDT 2015,2,1,1,"""c""","""a""","""d""","""b""","""tupa""","""wug""",1,0,0,1,0,1,0,1,0,1,"""correct""","""correct""",12,TRUE,TRUE,TRUE,TRUE,[],[],7
3DA79LNS59VAG18HKO83XGDEI2B3TU,Short word game, ,3YDTZAI2WXGXCXD68LYEQZHC4TS41J,A3LJ4LAUYYDOK6,Approved,Fri Jul 31 10:07:17 PDT 2015,Fri Jul 31 10:09:31 PDT 2015,2,1,1,"""a""","""b""","""d""","""c""","""wug""","""blicket""",1,1,1,1,1,1,0,1,1,1,"""false""","""false""",12,TRUE,TRUE,TRUE,TRUE,[],[],7
3DA79LNS59VAG18HKO83XGDEI2B3TU,Short word game, ,3K772S5NP8BQ8AVDZGDCR89AY7IEHY,A1CNJUZTRGJIAH,Approved,Fri Jul 31 10:07:34 PDT 2015,Fri Jul 31 10:09:48 PDT 2015,2,1,1,"""b""","""a""","""c""","""d""","""blicket""","""wug""",1,0,1,1,1,1,1,1,0,1,"""false""","""correct""",12,TRUE,TRUE,TRUE,TRUE,[],[],7
3DA79LNS59VAG18HKO83XGDEI2B3TU,Short word game, ,3FIUS151DV2ASSWTL5LI6BILWMJGGF,A1CH4XAR8IEIVR,Approved,Fri Jul 31 10:08:03 PDT 2015,Fri Jul 31 10:10:01 PDT 2015,1,1,0,"""c""","""b""","""a""","""d""","""blicket""","""wug""",1,0,1,1,1,1,1,1,0,1,"""correct""","""correct""",12,TRUE,TRUE,TRUE,TRUE,[],[],7
3DA79LNS59VAG18HKO83XGDEI2B3TU,Short word game, ,34BBWHLWHABKL5SOQYP3DQHP5N1WIM,A3CQRNC63AGWOX,Approved,Fri Jul 31 10:13:03 PDT 2015,Fri Jul 31 10:14:51 PDT 2015,1,1,0,"""c""","""b""","""d""","""a""","""wug""","""tupa""",1,0,0,1,0,1,0,1,0,1,"""correct""","""correct""",12,TRUE,TRUE,TRUE,TRUE,[],[],7
3DA79LNS59VAG18HKO83XGDEI2B3TU,Short word game, ,3300DTYQT2H3L3UGI6060M1BPUEEQU,A2859W7COFU82O,Approved,Fri Jul 31 10:12:46 PDT 2015,Fri Jul 31 10:15:55 PDT 2015,2,1,1,"""a""","""c""","""d""","""b""","""tupa""","""fep""",1,0,0,1,0,1,0,1,0,1,"""correct""","""correct""",12,TRUE,TRUE,TRUE,TRUE,[],[],7
3DA79LNS59VAG18HKO83XGDEI2B3TU,Short word game, ,3QL2OFSM96I3L8XA6N2U6463Z7ENCN,A3I5R8EPCO56KD,Approved,Fri Jul 31 10:17:36 PDT 2015,Fri Jul 31 10:19:39 PDT 2015,2,1,1,"""d""","""a""","""b""","""c""","""fep""","""wug""",1,0,1,1,1,1,1,1,0,1,"""correct""","""correct""",12,TRUE,TRUE,TRUE,TRUE,[],[],7
3DA79LNS59VAG18HKO83XGDEI2B3TU,Short word game, ,3PEIJLRY6TTHB0HJPKP4G044T05WXM,A2R2B0S93LKUV4,Approved,Fri Jul 31 10:18:10 PDT 2015,Fri Jul 31 10:19:51 PDT 2015,2,1,1,"""c""","""a""","""b""","""d""","""tupa""","""blicket""",1,0,1,1,1,1,0,1,0,1,"""correct""","""false""",12,TRUE,TRUE,TRUE,TRUE,[],[],7
3DA79LNS59VAG18HKO83XGDEI2B3TU,Short word game, ,34MAJL3QP4NTM0RLVPCXESW92D643B,A2UF2FRGVW4T89,Approved,Fri Jul 31 10:08:48 PDT 2015,Fri Jul 31 10:21:30 PDT 2015,1,1,0,"""b""","""a""","""d""","""c""","""wug""","""blicket""",0,0,0,1,0,1,0,1,0,1,"""correct""","""correct""",12,TRUE,TRUE,TRUE,TRUE,[],[],7
3DA79LNS59VAG18HKO83XGDEI2B3TU,Short word game, ,35LDD5557A4FMOOYMZ4SH8UBZPCMKW,A1HKJHISPGEX7Y,Approved,Fri Jul 31 10:24:17 PDT 2015,Fri Jul 31 10:26:09 PDT 2015,1,1,0,"""d""","""a""","""b""","""c""","""fep""","""blicket""",1,1,1,1,1,1,1,1,1,1,"""correct""","""correct""",12,TRUE,FALSE,FALSE,TRUE,[],[],7
3DA79LNS59VAG18HKO83XGDEI2B3TU,Short word game, ,3MAOD8E57QARO685XJYHKHRD0O1XNW,A1G1DQ3IZSECXM,Approved,Fri Jul 31 10:28:45 PDT 2015,Fri Jul 31 10:30:48 PDT 2015,1,1,0,"""c""","""d""","""a""","""b""","""wug""","""tupa""",0,0,0,1,0,1,0,1,0,1,"""correct""","""correct""",12,TRUE,TRUE,TRUE,TRUE,[],[],7
3DA79LNS59VAG18HKO83XGDEI2B3TU,Short word game, ,3C44YUNSI1PDTLF1MYAXUZTGKMRDP9,A1YBJN6WT3X8B5,Approved,Fri Jul 31 10:29:37 PDT 2015,Fri Jul 31 10:31:29 PDT 2015,1,1,0,"""c""","""d""","""b""","""a""","""fep""","""tupa""",1,0,0,0,0,1,0,1,0,1,"""correct""","""correct""",12,TRUE,TRUE,TRUE,TRUE,[],[],7
3DA79LNS59VAG18HKO83XGDEI2B3TU,Short word game, ,3OF2M9AATGOFLVNH1OUMPAQKETUKZB,A2YGAEODJ5SSF6,Approved,Fri Jul 31 09:54:17 PDT 2015,Fri Jul 31 10:37:18 PDT 2015,1,1,0,"""b""","""c""","""a""","""d""","""wug""","""tupa""",1,0,0,1,0,1,0,1,0,1,"""correct""","""correct""",12,TRUE,TRUE,TRUE,TRUE,[],[],7
3DA79LNS59VAG18HKO83XGDEI2B3TU,Short word game, ,3MTMREQS4VI5FN9QEAXQWST6SGXWAL,A2MKXI4KCRRI7Y,Approved,Fri Jul 31 10:39:38 PDT 2015,Fri Jul 31 10:41:15 PDT 2015,1,1,0,"""b""","""c""","""d""","""a""","""fep""","""blicket""",1,0,1,1,1,1,1,1,0,1,"""correct""","""correct""",12,TRUE,TRUE,TRUE,TRUE,[],[],7
3DA79LNS59VAG18HKO83XGDEI2B3TU,Short word game, ,38YMOXR4MUZ4SLXNOXGEGNRKWX7W6V,A2VGEE0ZIZ8CBQ,Approved,Fri Jul 31 10:38:29 PDT 2015,Fri Jul 31 10:41:58 PDT 2015,1,1,0,"""d""","""c""","""b""","""a""","""blicket""","""wug""",1,0,1,1,0,1,1,1,1,1,"""correct""","""correct""",12,TRUE,TRUE,TRUE,TRUE,[],[],7
3DA79LNS59VAG18HKO83XGDEI2B3TU,Short word game, ,39KFRKBFINVY6WYR3UKWIKYRS51OYB,A2S7B4E93NWOK3,Approved,Fri Jul 31 10:39:53 PDT 2015,Fri Jul 31 10:42:39 PDT 2015,2,1,1,"""b""","""a""","""c""","""d""","""fep""","""blicket""",1,0,0,1,0,1,0,1,0,1,"""correct""","""correct""",12,TRUE,TRUE,TRUE,TRUE,[],[],7
3DA79LNS59VAG18HKO83XGDEI2B3TU,Short word game, ,3J2UYBXQQLCBKVW2VQNT9SIGVSS603,A1UCMCXQQQQWJN,Approved,Fri Jul 31 10:40:52 PDT 2015,Fri Jul 31 10:43:34 PDT 2015,2,1,1,"""c""","""d""","""b""","""a""","""tupa""","""fep""",1,0,0,1,0,1,0,1,0,1,"""correct""","""correct""",12,TRUE,TRUE,TRUE,TRUE,[],[],7
3DA79LNS59VAG18HKO83XGDEI2B3TU,Short word game, ,33NF62TLXJ2PLGIDJ2R01G2UVWJKJU,A7NP0NK6CZPZE,Approved,Fri Jul 31 10:50:25 PDT 2015,Fri Jul 31 10:53:08 PDT 2015,2,1,1,"""a""","""d""","""c""","""b""","""wug""","""blicket""",1,0,0,1,0,1,0,1,0,1,"""correct""","""correct""",12,TRUE,TRUE,TRUE,TRUE,[],[],7
3DA79LNS59VAG18HKO83XGDEI2B3TU,Short word game, ,3TU5ZICBRD1MC2KP53E68C5PERHQ88,A2M40DL4N3G8GV,Approved,Fri Jul 31 10:53:22 PDT 2015,Fri Jul 31 10:54:46 PDT 2015,1,1,0,"""b""","""c""","""a""","""d""","""wug""","""blicket""",1,0,0,1,0,1,0,1,0,1,"""correct""","""correct""",12,TRUE,TRUE,TRUE,TRUE,[],[],7
3DA79LNS59VAG18HKO83XGDEI2B3TU,Short word game, ,3UWN2HHPUY5JSPM639SUL9ALLA1NSI,A1OCSG2XHDGN6Z,Approved,Fri Jul 31 11:01:16 PDT 2015,Fri Jul 31 11:02:59 PDT 2015,1,1,0,"""d""","""a""","""b""","""c""","""tupa""","""fep""",1,0,0,1,0,1,0,1,0,1,"""correct""","""correct""",12,TRUE,TRUE,TRUE,TRUE,[],[],7
3DA79LNS59VAG18HKO83XGDEI2B3TU,Short word game, ,3MTMREQS4VI5FN9QEAXQWST6SGYAW0,AOIK8K4X34LGR,Approved,Fri Jul 31 11:03:40 PDT 2015,Fri Jul 31 11:06:48 PDT 2015,2,1,1,"""c""","""d""","""b""","""a""","""fep""","""wug""",1,1,1,1,1,1,1,1,1,1,"""false""","""false""",12,TRUE,TRUE,TRUE,TRUE,[],[],7
3DA79LNS59VAG18HKO83XGDEI2B3TU,Short word game, ,3M0BCWMB8VWAYXEIKOXMR3DCAYJWBH,A6C4QNQZ1QTUG,Approved,Fri Jul 31 11:08:17 PDT 2015,Fri Jul 31 11:10:53 PDT 2015,2,1,1,"""b""","""d""","""c""","""a""","""blicket""","""fep""",1,0,1,1,1,1,0,1,0,1,"""correct""","""correct""",12,TRUE,TRUE,TRUE,TRUE,[],[],7
3DA79LNS59VAG18HKO83XGDEI2B3TU,Short word game, ,3VAR3R6G1P1JRQ79QQM2J7APZQZ8OI,A3D3D3F8X3NQYH,Approved,Fri Jul 31 11:08:14 PDT 2015,Fri Jul 31 11:10:54 PDT 2015,2,1,1,"""a""","""c""","""d""","""b""","""fep""","""wug""",1,0,0,0,0,1,0,1,0,1,"""correct""","""correct""",12,TRUE,TRUE,TRUE,FALSE,[],[],7
3DA79LNS59VAG18HKO83XGDEI2B3TU,Short word game, ,3NAPMVF0ZWF1K5DLTNWZYUBRN1Y72P,A3JI3B5GTVA95F,Approved,Fri Jul 31 11:13:31 PDT 2015,Fri Jul 31 11:16:08 PDT 2015,1,1,0,"""d""","""a""","""b""","""c""","""tupa""","""fep""",1,0,1,1,1,1,1,1,0,1,"""correct""","""correct""",12,TRUE,TRUE,TRUE,TRUE,[],[],7
3DA79LNS59VAG18HKO83XGDEI2B3TU,Short word game, ,3TYCR1GOTCJQ515ZMO6N4A3Z3U1ZLX,AZRNL0S1QKPMP,Approved,Fri Jul 31 11:19:34 PDT 2015,Fri Jul 31 11:20:45 PDT 2015,1,1,0,"""a""","""b""","""c""","""d""","""tupa""","""blicket""",1,0,0,1,0,1,0,1,0,1,"""correct""","""correct""",12,TRUE,TRUE,TRUE,TRUE,[],[],7
3DA79LNS59VAG18HKO83XGDEI2B3TU,Short word game, ,3EKVH9QMEY4H1EEVK0ZLYMLN9C12DD,A3KMHRWRAE0X4K,Approved,Fri Jul 31 11:19:01 PDT 2015,Fri Jul 31 11:26:52 PDT 2015,2,1,1,"""c""","""b""","""d""","""a""","""fep""","""wug""",1,0,0,1,0,1,0,1,0,1,"""correct""","""correct""",12,TRUE,TRUE,TRUE,TRUE,[],[],7
3DA79LNS59VAG18HKO83XGDEI2B3TU,Short word game, ,3LJ7UR74RHD0Q4KVD8WCN6UF7UZN4C,A2AI0BN9D7HQT,Approved,Fri Jul 31 11:25:10 PDT 2015,Fri Jul 31 11:26:52 PDT 2015,1,1,0,"""b""","""d""","""c""","""a""","""tupa""","""fep""",1,0,0,1,0,1,0,1,0,1,"""correct""","""correct""",12,TRUE,TRUE,TRUE,TRUE,[],[],7
3DA79LNS59VAG18HKO83XGDEI2B3TU,Short word game, ,3COPXFW7XBCL7RLBEFWKYCO64VPPKZ,A2YMHHRV5ZIRKM,Approved,Fri Jul 31 11:29:22 PDT 2015,Fri Jul 31 11:32:41 PDT 2015,1,1,0,"""c""","""d""","""a""","""b""","""fep""","""wug""",1,0,1,1,1,1,1,1,0,1,"""correct""","""correct""",12,TRUE,TRUE,TRUE,TRUE,[],[],7
3DA79LNS59VAG18HKO83XGDEI2B3TU,Short word game, ,30IQTZXKAK6O3AGYWDWJ95V0SWU0XU,A8Q68X5J19EQY,Approved,Fri Jul 31 11:33:13 PDT 2015,Fri Jul 31 11:34:48 PDT 2015,2,1,1,"""a""","""c""","""d""","""b""","""tupa""","""blicket""",1,0,0,1,0,1,0,1,0,1,"""correct""","""correct""",12,TRUE,TRUE,TRUE,TRUE,[],[],7
3DA79LNS59VAG18HKO83XGDEI2B3TU,Short word game, ,3FK0YFF9PZGCSMCJZVJQ6DO56HYVVD,A3O0QWR9YXDHOQ,Approved,Fri Jul 31 11:31:33 PDT 2015,Fri Jul 31 11:35:54 PDT 2015,1,1,0,"""a""","""c""","""b""","""d""","""fep""","""wug""",1,0,0,1,0,1,0,1,0,1,"""correct""","""correct""",12,TRUE,TRUE,TRUE,TRUE,[],[],7
3DA79LNS59VAG18HKO83XGDEI2B3TU,Short word game, ,369J354OFDA8VZ7N9SCWUK5W29K6G9,A22N8MXL63GA62,Approved,Fri Jul 31 11:35:28 PDT 2015,Fri Jul 31 11:38:04 PDT 2015,1,1,0,"""a""","""d""","""c""","""b""","""tupa""","""wug""",1,0,0,1,0,1,0,1,0,1,"""correct""","""correct""",12,TRUE,TRUE,TRUE,TRUE,[],[],7
3DA79LNS59VAG18HKO83XGDEI2B3TU,Short word game, ,3O6CYIULED1PUWNOKFEHWT50ZJQUWW,A11G1TGXX3YS24,Approved,Fri Jul 31 11:40:40 PDT 2015,Fri Jul 31 11:42:48 PDT 2015,2,1,1,"""a""","""d""","""c""","""b""","""tupa""","""fep""",1,0,1,1,1,1,1,1,0,1,"""correct""","""correct""",12,TRUE,TRUE,TRUE,TRUE,[],[],7
3DA79LNS59VAG18HKO83XGDEI2B3TU,Short word game, ,3EG49X351UCJHL2DY2C0I65R5ZG6X1,A1WR8ERYDDCWLN,Approved,Fri Jul 31 11:41:24 PDT 2015,Fri Jul 31 11:44:50 PDT 2015,1,1,0,"""a""","""c""","""b""","""d""","""tupa""","""blicket""",1,0,0,1,0,1,0,1,0,1,"""correct""","""correct""",12,TRUE,TRUE,TRUE,TRUE,[],[],7
3DA79LNS59VAG18HKO83XGDEI2B3TU,Short word game, ,3NS0A6KXC48AJ9RYBX97RIYR7DFZGR,A1LEFM35G560V5,Approved,Fri Jul 31 11:17:36 PDT 2015,Fri Jul 31 11:50:17 PDT 2015,1,1,0,"""d""","""b""","""a""","""c""","""fep""","""tupa""",1,0,0,0,0,1,0,1,0,1,"""correct""","""correct""",12,TRUE,TRUE,TRUE,FALSE,[],[],7
3DA79LNS59VAG18HKO83XGDEI2B3TU,Short word game, ,3PXX5PX6LXYDRKBFJJ1U9EGLIFHBAM,APBTQMB1BK01E,Approved,Fri Jul 31 11:50:25 PDT 2015,Fri Jul 31 11:55:35 PDT 2015,1,1,0,"""b""","""a""","""c""","""d""","""fep""","""tupa""",1,0,0,1,0,1,0,1,0,1,"""correct""","""correct""",12,TRUE,TRUE,TRUE,TRUE,[],[],7
3DA79LNS59VAG18HKO83XGDEI2B3TU,Short word game, ,3G5W44VEU7IFUESCBW6X43AE343GKN,A11WC4G8LOMYQO,Approved,Fri Jul 31 11:55:09 PDT 2015,Fri Jul 31 11:56:56 PDT 2015,2,1,1,"""c""","""d""","""a""","""b""","""fep""","""tupa""",1,0,0,1,0,1,0,1,0,1,"""correct""","""correct""",12,TRUE,TRUE,TRUE,TRUE,[],[],7
3DA79LNS59VAG18HKO83XGDEI2B3TU,Short word game, ,351SEKWQS0H78IIOUII5DVZLFHIMDO,ARZEJQLO3CDF0,Approved,Fri Jul 31 11:55:55 PDT 2015,Fri Jul 31 11:57:19 PDT 2015,2,1,1,"""d""","""a""","""c""","""b""","""fep""","""blicket""",1,0,0,0,0,1,0,1,0,1,"""correct""","""correct""",12,TRUE,TRUE,TRUE,TRUE,[],[],7
3DA79LNS59VAG18HKO83XGDEI2B3TU,Short word game, ,3VZLGYJEYLAL5VMO079BF4YMA3CZXK,A1JGF56FSAYWO4,Approved,Fri Jul 31 11:56:36 PDT 2015,Fri Jul 31 11:58:23 PDT 2015,2,1,1,"""b""","""d""","""a""","""c""","""wug""","""fep""",1,0,0,1,0,1,0,1,0,1,"""correct""","""correct""",12,TRUE,TRUE,TRUE,TRUE,[],[],7
3DA79LNS59VAG18HKO83XGDEI2B3TU,Short word game, ,3OCHAWUVGOKQG0N20661SPA96UZXKW,A2BICWCPAW5N7O,Approved,Fri Jul 31 12:03:51 PDT 2015,Fri Jul 31 12:07:59 PDT 2015,1,1,0,"""c""","""d""","""b""","""a""","""wug""","""tupa""",1,0,1,1,1,1,1,1,0,1,"""correct""","""correct""",12,TRUE,TRUE,TRUE,TRUE,[],[],7
3DA79LNS59VAG18HKO83XGDEI2B3TU,Short word game, ,3XM0HYN6NKZILRT1ITLH0HB1KYUPEG,ANV4TUKMWLA8E,Approved,Fri Jul 31 12:05:51 PDT 2015,Fri Jul 31 12:08:17 PDT 2015,2,1,1,"""d""","""c""","""b""","""a""","""blicket""","""tupa""",1,0,1,1,1,1,1,1,0,1,"""correct""","""false""",12,TRUE,TRUE,TRUE,TRUE,[],[],7
3DA79LNS59VAG18HKO83XGDEI2B3TU,Short word game, ,3X4JMASXCM9HQ7DXRH41K8489T60BL,A30LG98LNTF0SV,Approved,Fri Jul 31 12:08:01 PDT 2015,Fri Jul 31 12:10:03 PDT 2015,1,1,0,"""d""","""a""","""b""","""c""","""tupa""","""fep""",1,0,0,1,0,1,0,1,0,1,"""correct""","""correct""",12,TRUE,TRUE,TRUE,TRUE,[],[],7
3DA79LNS59VAG18HKO83XGDEI2B3TU,Short word game, ,34Z02EIMISDHMT7ER3VMK2AUF06T04,A19WXHQSBB6P6O,Approved,Fri Jul 31 12:09:51 PDT 2015,Fri Jul 31 12:11:39 PDT 2015,1,1,0,"""a""","""b""","""c""","""d""","""fep""","""blicket""",1,0,0,1,0,1,0,1,0,1,"""correct""","""correct""",12,TRUE,TRUE,TRUE,TRUE,[],[],7
3DA79LNS59VAG18HKO83XGDEI2B3TU,Short word game, ,3C6FJU71TQTTJ1IOZGW5HQQGARRUYW,A2250L5WNYCTE1,Approved,Fri Jul 31 12:11:58 PDT 2015,Fri Jul 31 12:17:09 PDT 2015,1,1,0,"""b""","""a""","""d""","""c""","""fep""","""blicket""",1,1,1,1,1,1,0,1,1,1,"""correct""","""correct""",12,TRUE,TRUE,TRUE,TRUE,[],[],7
3DA79LNS59VAG18HKO83XGDEI2B3TU,Short word game, ,3IOEN3P9S7JBRKHKR9RTNX1Q0K1164,A22MNN3ZTBSAY3,Approved,Fri Jul 31 11:38:50 PDT 2015,Fri Jul 31 12:18:07 PDT 2015,2,1,1,"""c""","""b""","""a""","""d""","""wug""","""tupa""",1,0,0,1,0,1,0,1,0,1,"""correct""","""correct""",12,TRUE,TRUE,TRUE,TRUE,[],[],7
3DA79LNS59VAG18HKO83XGDEI2B3TU,Short word game, ,37WLF8U1WPQDXL36ZJXBSCXP9Q26KD,AX79WWW8GXBAS,Approved,Fri Jul 31 12:17:25 PDT 2015,Fri Jul 31 12:21:06 PDT 2015,1,1,0,"""c""","""d""","""a""","""b""","""wug""","""fep""",1,0,0,1,0,1,0,1,0,1,"""correct""","""correct""",12,TRUE,TRUE,TRUE,TRUE,[],[],7
3DA79LNS59VAG18HKO83XGDEI2B3TU,Short word game, ,3RSDURM96AMCU5L29GH0D84DO3YYEK,A3P7COUU2ILV9D,Approved,Fri Jul 31 12:17:07 PDT 2015,Fri Jul 31 12:25:54 PDT 2015,1,1,0,"""d""","""b""","""a""","""c""","""fep""","""blicket""",1,0,0,1,0,1,0,1,0,1,"""correct""","""correct""",12,TRUE,TRUE,TRUE,TRUE,[],[],7
3DA79LNS59VAG18HKO83XGDEI2B3TU,Short word game, ,3MYYFCXHJ37UGC39Q4JHXMLI6IF4GN,AKZHII6RDJOKX,Approved,Fri Jul 31 12:24:08 PDT 2015,Fri Jul 31 12:26:56 PDT 2015,1,1,0,"""d""","""a""","""c""","""b""","""blicket""","""tupa""",1,0,0,0,0,1,0,1,0,1,"""correct""","""correct""",12,TRUE,TRUE,TRUE,TRUE,[],[],7
3DA79LNS59VAG18HKO83XGDEI2B3TU,Short word game, ,3M68NM076H7ZKPG1P368TOJ34IVR6Q,A20NITCOBY4775,Approved,Fri Jul 31 12:20:37 PDT 2015,Fri Jul 31 12:27:10 PDT 2015,2,1,1,"""c""","""b""","""a""","""d""","""tupa""","""wug""",1,1,1,1,1,1,1,1,1,1,"""false""","""false""",12,TRUE,TRUE,TRUE,TRUE,[],[],7
3DA79LNS59VAG18HKO83XGDEI2B3TU,Short word game, ,39KFRKBFINVY6WYR3UKWIKYRS54OYE,A3CDCAA7ZBXQRP,Approved,Fri Jul 31 12:28:41 PDT 2015,Fri Jul 31 12:30:02 PDT 2015,1,1,0,"""b""","""a""","""c""","""d""","""fep""","""tupa""",0,0,0,1,0,0,0,1,0,1,"""correct""","""correct""",12,TRUE,TRUE,TRUE,TRUE,[],[],7
3DA79LNS59VAG18HKO83XGDEI2B3TU,Short word game, ,3TPWUS5F891T826OYOTH2NJUSJMCW7,A19ED8FYO6CA36,Approved,Fri Jul 31 12:33:09 PDT 2015,Fri Jul 31 12:35:42 PDT 2015,2,1,1,"""b""","""c""","""a""","""d""","""fep""","""tupa""",1,0,0,1,0,1,0,1,0,1,"""correct""","""correct""",12,TRUE,TRUE,TRUE,TRUE,[],[],7
3DA79LNS59VAG18HKO83XGDEI2B3TU,Short word game, ,379J5II41OGSU6E3Q1SAJ02HFOUEL8,A3J6YLRUJOPIE,Approved,Fri Jul 31 12:38:23 PDT 2015,Fri Jul 31 12:40:52 PDT 2015,2,1,1,"""c""","""d""","""b""","""a""","""tupa""","""blicket""",1,0,1,1,1,1,1,1,0,1,"""correct""","""correct""",12,TRUE,TRUE,TRUE,TRUE,[],[],7
3DA79LNS59VAG18HKO83XGDEI2B3TU,Short word game, ,3U5JL4WY5K952YYZFEJLL8LD98B4XF,AG8FPQJHF5NTA,Approved,Fri Jul 31 12:40:41 PDT 2015,Fri Jul 31 12:42:21 PDT 2015,1,1,0,"""c""","""a""","""b""","""d""","""wug""","""fep""",1,0,0,1,0,1,0,1,0,1,"""correct""","""correct""",12,TRUE,TRUE,TRUE,TRUE,[],[],7
3DA79LNS59VAG18HKO83XGDEI2B3TU,Short word game, ,3URFVVM165ITORSTV2YOVXZIGLWUZO,A15UOIUSZCD9SD,Approved,Fri Jul 31 12:51:42 PDT 2015,Fri Jul 31 12:53:22 PDT 2015,1,1,0,"""b""","""c""","""a""","""d""","""fep""","""wug""",0,0,0,1,0,1,0,1,0,1,"""correct""","""correct""",12,TRUE,TRUE,TRUE,TRUE,[],[],7
3DA79LNS59VAG18HKO83XGDEI2B3TU,Short word game, ,32ZKVD547FND7ZCUA4MKM62FC5RB3S,A14OK6VJZDJ421,Approved,Fri Jul 31 12:54:08 PDT 2015,Fri Jul 31 12:55:44 PDT 2015,1,1,0,"""b""","""c""","""a""","""d""","""blicket""","""fep""",1,0,1,1,1,1,1,1,0,1,"""correct""","""correct""",12,TRUE,TRUE,TRUE,TRUE,[],[],7
3DA79LNS59VAG18HKO83XGDEI2B3TU,Short word game, ,3M68NM076H7ZKPG1P368TOJ34IX6R7,A2HR7ZIX42FEPG,Approved,Fri Jul 31 13:00:15 PDT 2015,Fri Jul 31 13:01:27 PDT 2015,2,1,1,"""a""","""c""","""b""","""d""","""wug""","""tupa""",1,0,0,1,0,1,0,1,0,1,"""correct""","""correct""",12,TRUE,TRUE,TRUE,TRUE,[],[],7
3DA79LNS59VAG18HKO83XGDEI2B3TU,Short word game, ,3SNLUL3WO4N9J2BPG17FNIOK1CPLUX,A1AE1C0V8AE8NX,Approved,Fri Jul 31 13:04:01 PDT 2015,Fri Jul 31 13:05:38 PDT 2015,2,1,1,"""d""","""c""","""b""","""a""","""blicket""","""fep""",0,0,0,0,0,0,0,0,0,1,"""correct""","""correct""",12,TRUE,TRUE,TRUE,TRUE,[],[],7
3DA79LNS59VAG18HKO83XGDEI2B3TU,Short word game, ,373ERPL3YO85MNRDLGE14YBHOQ7TR4,A19TL7AJ0FB1JG,Approved,Fri Jul 31 13:05:36 PDT 2015,Fri Jul 31 13:07:35 PDT 2015,1,1,0,"""c""","""d""","""b""","""a""","""blicket""","""fep""",1,0,0,1,0,1,0,1,0,1,"""correct""","""correct""",12,TRUE,TRUE,TRUE,TRUE,[],[],7
3DA79LNS59VAG18HKO83XGDEI2B3TU,Short word game, ,39RP059MEHTETLK4GMRZI5BLCW8BM8,A1MBQEYJA3RTNY,Approved,Fri Jul 31 13:06:11 PDT 2015,Fri Jul 31 13:08:27 PDT 2015,1,1,0,"""b""","""d""","""a""","""c""","""blicket""","""tupa""",1,0,0,1,0,1,0,1,0,1,"""correct""","""correct""",12,TRUE,TRUE,TRUE,TRUE,[],[],7
3DA79LNS59VAG18HKO83XGDEI2B3TU,Short word game, ,3ZPBJO59KP1LG4HD3L2SLQRPYVLHDC,A23HW4T63DWMZ2,Approved,Fri Jul 31 13:05:14 PDT 2015,Fri Jul 31 13:08:57 PDT 2015,2,1,1,"""b""","""d""","""c""","""a""","""fep""","""wug""",0,1,0,1,0,1,1,1,1,1,"""false""","""false""",12,TRUE,TRUE,TRUE,TRUE,[],[],7
3DA79LNS59VAG18HKO83XGDEI2B3TU,Short word game, ,3018Q3ZVOIQ07RS4FGNK9TLP01MRAH,A3W0C94IQGCJCN,Approved,Fri Jul 31 13:06:37 PDT 2015,Fri Jul 31 13:08:57 PDT 2015,2,1,1,"""b""","""d""","""c""","""a""","""blicket""","""wug""",1,0,0,1,0,1,0,1,0,1,"""correct""","""correct""",12,TRUE,TRUE,TRUE,TRUE,[],[],7
3DA79LNS59VAG18HKO83XGDEI2B3TU,Short word game, ,3X0H8UUIT1O9FJVKVAJHHSNCEM8WSL,A2MEM0P4XT9PN7,Approved,Fri Jul 31 13:09:55 PDT 2015,Fri Jul 31 13:12:40 PDT 2015,1,1,0,"""a""","""d""","""c""","""b""","""tupa""","""blicket""",1,0,0,1,0,1,0,1,0,1,"""correct""","""correct""",12,TRUE,TRUE,TRUE,TRUE,[],[],7
3DA79LNS59VAG18HKO83XGDEI2B3TU,Short word game, ,3SB5N7Y3O34DHOL873WFLJV5P60G0K,A15C1ZXT1ILVS4,Approved,Fri Jul 31 13:27:56 PDT 2015,Fri Jul 31 13:33:09 PDT 2015,1,1,0,"""b""","""d""","""a""","""c""","""tupa""","""wug""",1,0,0,1,0,1,0,1,0,1,"""correct""","""correct""",12,TRUE,TRUE,TRUE,TRUE,[],[],7
3DA79LNS59VAG18HKO83XGDEI2B3TU,Short word game, ,3WMINLGALB3W1P3LXJXPKYM300LCAY,A26QUOLUXNKP3U,Approved,Fri Jul 31 13:43:28 PDT 2015,Fri Jul 31 13:45:33 PDT 2015,1,1,0,"""b""","""d""","""c""","""a""","""blicket""","""wug""",1,0,0,1,0,1,0,1,0,1,"""correct""","""correct""",12,TRUE,TRUE,TRUE,TRUE,[],[],7