"","X","hitid","assignmentaccepttime","Answer.Qasmm1","Answer.Qasmm2","Answer.acrossLabel","Answer.cond","Answer.Qasm2","Answer.Qasm1","Answer.withinLabel","Answer.label","Answer.Qwsmm1","Answer.Qwsmm2","Answer.sample","Answer.acrossTarget","Answer.mainNum","Answer.acrossOther","Answer.click1","Answer.click2","Answer.Qwsm1","Answer.question1","Answer.Qwsm2","Answer.question2","Answer.withinTarget","Answer.dist","Answer.withinOther","Answer.Qacheck","Answer.Qwcheck","runNum","workerids"
"1",1,"26ZIT3HVWAVK1Z8NFVT1D2ZAMUMEMN","Tue Apr 10 22:26:25 PDT 2012",0,0,"""blicket""","""1""",1,1,"""tupa""",1,0,0,0,"""d""",13,"""c""","""correct""","""correct""",1,TRUE,1,TRUE,"""a""","[]","""b""",0,0,2,"1"
"2",2,"26ZIT3HVWAVK1Z8NFVT1D2ZAMUMEMN","Tue Apr 10 22:29:22 PDT 2012",0,1,"""fep""","""2""",1,1,"""tupa""",1,0,0,1,"""c""",13,"""b""","""correct""","""correct""",1,TRUE,1,TRUE,"""a""","[]","""d""",0,0,2,"2"
"3",3,"26ZIT3HVWAVK1Z8NFVT1D2ZAMUMEMN","Tue Apr 10 22:32:30 PDT 2012",0,0,"""tupa""","""1""",1,1,"""blicket""",1,0,0,0,"""a""",13,"""d""","""correct""","""correct""",1,TRUE,1,TRUE,"""c""","[]","""b""",0,0,2,"3"
"4",4,"26ZIT3HVWAVK1Z8NFVT1D2ZAMUMEMN","Tue Apr 10 22:34:42 PDT 2012",0,0,"""wug""","""2""",0,0,"""blicket""",1,0,0,1,"""b""",13,"""c""","""correct""","""correct""",1,TRUE,1,TRUE,"""a""","[]","""d""",0,0,2,"4"
"5",5,"26ZIT3HVWAVK1Z8NFVT1D2ZAMUMEMN","Tue Apr 10 22:36:35 PDT 2012",0,0,"""blicket""","""1""",1,0,"""wug""",1,0,0,0,"""b""",13,"""c""","""correct""","""correct""",1,TRUE,0,TRUE,"""d""","[]","""a""",0,0,2,"5"
"6",6,"26ZIT3HVWAVK1Z8NFVT1D2ZAMUMEMN","Tue Apr 10 22:40:40 PDT 2012",0,0,"""fep""","""2""",1,1,"""wug""",1,0,0,1,"""d""",13,"""b""","""correct""","""correct""",1,TRUE,1,TRUE,"""a""","[]","""c""",0,0,2,"6"
"7",7,"26ZIT3HVWAVK1Z8NFVT1D2ZAMUMEMN","Tue Apr 10 22:46:25 PDT 2012",0,0,"""tupa""","""1""",1,1,"""blicket""",1,0,0,0,"""c""",13,"""d""","""correct""","""correct""",1,TRUE,1,TRUE,"""b""","[]","""a""",0,0,2,"7"
"8",8,"26ZIT3HVWAVK1Z8NFVT1D2ZAMUMEMN","Tue Apr 10 22:48:53 PDT 2012",0,0,"""wug""","""1""",1,0,"""fep""",1,0,0,0,"""c""",13,"""a""","""correct""","""correct""",0,TRUE,1,TRUE,"""b""","[]","""d""",0,0,2,"8"
"9",9,"26ZIT3HVWAVK1Z8NFVT1D2ZAMUMEMN","Tue Apr 10 22:49:45 PDT 2012",1,1,"""tupa""","""2""",1,1,"""wug""",1,0,0,1,"""a""",13,"""c""","""correct""","""false""",0,TRUE,1,TRUE,"""b""","[]","""d""",0,0,2,"9"
"10",10,"26ZIT3HVWAVK1Z8NFVT1D2ZAMUMEMN","Tue Apr 10 22:56:21 PDT 2012",1,0,"""fep""","""1""",1,1,"""wug""",1,0,0,0,"""d""",13,"""b""","""correct""","""correct""",1,TRUE,1,TRUE,"""c""","[]","""a""",0,0,2,"10"
"11",11,"26ZIT3HVWAVK1Z8NFVT1D2ZAMUMEMN","Tue Apr 10 23:27:39 PDT 2012",1,1,"""tupa""","""2""",1,1,"""fep""",1,1,1,1,"""d""",13,"""b""","""correct""","""correct""",1,TRUE,1,TRUE,"""a""","[]","""c""",0,0,2,"11"
"12",12,"26ZIT3HVWAVK1Z8NFVT1D2ZAMUMEMN","Tue Apr 10 23:59:08 PDT 2012",0,0,"""tupa""","""1""",1,1,"""wug""",1,0,0,0,"""c""",13,"""a""","""correct""","""correct""",0,TRUE,1,TRUE,"""b""","[]","""d""",0,0,2,"12"
"13",13,"26ZIT3HVWAVK1Z8NFVT1D2ZAMUMEMN","Wed Apr 11 00:08:17 PDT 2012",0,0,"""tupa""","""2""",0,0,"""wug""",1,0,0,1,"""c""",13,"""a""","""correct""","""correct""",1,TRUE,0,TRUE,"""d""","[]","""b""",0,0,2,"13"
"14",14,"26ZIT3HVWAVK1Z8NFVT1D2ZAMUMEMN","Wed Apr 11 00:11:35 PDT 2012",1,1,"""wug""","""1""",1,1,"""tupa""",1,1,1,0,"""d""",13,"""c""","""correct""","""correct""",1,TRUE,1,TRUE,"""a""","[]","""b""",0,0,2,"14"
"15",15,"26ZIT3HVWAVK1Z8NFVT1D2ZAMUMEMN","Wed Apr 11 00:24:54 PDT 2012",1,1,"""fep""","""2""",1,1,"""blicket""",1,0,0,1,"""c""",13,"""b""","""correct""","""correct""",1,TRUE,1,TRUE,"""d""","[]","""a""",0,0,2,"15"
"16",16,"26ZIT3HVWAVK1Z8NFVT1D2ZAMUMEMN","Wed Apr 11 00:47:01 PDT 2012",1,1,"""fep""","""1""",1,0,"""blicket""",1,0,0,0,"""b""",13,"""d""","""correct""","""correct""",1,TRUE,1,TRUE,"""c""","[]","""a""",0,0,2,"16"
"17",17,"26ZIT3HVWAVK1Z8NFVT1D2ZAMUMEMN","Wed Apr 11 02:54:01 PDT 2012",0,0,"""wug""","""2""",1,0,"""blicket""",1,0,0,1,"""b""",13,"""d""","""correct""","""correct""",1,TRUE,0,TRUE,"""a""","[]","""c""",0,0,2,"17"
"18",18,"26ZIT3HVWAVK1Z8NFVT1D2ZAMUMEMN","Wed Apr 11 03:04:47 PDT 2012",0,0,"""blicket""","""1""",1,1,"""tupa""",1,0,0,0,"""b""",13,"""d""","""correct""","""correct""",1,TRUE,1,TRUE,"""a""","[]","""c""",0,0,2,"18"
"19",19,"26ZIT3HVWAVK1Z8NFVT1D2ZAMUMEMN","Wed Apr 11 04:26:13 PDT 2012",0,0,"""tupa""","""2""",0,0,"""wug""",1,0,0,1,"""c""",13,"""d""","""correct""","""correct""",1,TRUE,1,TRUE,"""b""","[]","""a""",0,0,2,"19"
"20",20,"26ZIT3HVWAVK1Z8NFVT1D2ZAMUMEMN","Wed Apr 11 05:06:48 PDT 2012",1,1,"""fep""","""1""",1,1,"""blicket""",1,1,1,0,"""c""",13,"""a""","""correct""","""correct""",1,TRUE,1,TRUE,"""d""","[]","""b""",0,0,2,"20"
"21",21,"26ZIT3HVWAVK1Z8NFVT1D2ZAMUMEMN","Wed Apr 11 05:18:18 PDT 2012",1,1,"""blicket""","""2""",1,1,"""wug""",1,0,0,1,"""a""",13,"""b""","""correct""","""correct""",1,TRUE,1,TRUE,"""c""","[]","""d""",0,0,2,"21"
"22",22,"26ZIT3HVWAVK1Z8NFVT1D2ZAMUMEMN","Wed Apr 11 05:35:27 PDT 2012",0,1,"""tupa""","""1""",1,1,"""wug""",1,0,0,0,"""d""",13,"""a""","""correct""","""correct""",1,TRUE,1,TRUE,"""c""","[]","""b""",0,0,2,"22"
"23",23,"26ZIT3HVWAVK1Z8NFVT1D2ZAMUMEMN","Wed Apr 11 05:37:32 PDT 2012",0,0,"""blicket""","""2""",0,1,"""wug""",1,0,0,1,"""d""",13,"""c""","""correct""","""correct""",0,TRUE,0,TRUE,"""b""","[]","""a""",0,0,2,"23"
"24",24,"26ZIT3HVWAVK1Z8NFVT1D2ZAMUMEMN","Wed Apr 11 05:43:41 PDT 2012",0,0,"""fep""","""1""",0,1,"""wug""",1,0,0,0,"""b""",13,"""c""","""correct""","""correct""",1,TRUE,0,TRUE,"""a""","[]","""d""",0,0,2,"24"
"25",25,"26ZIT3HVWAVK1Z8NFVT1D2ZAMUMEMN","Wed Apr 11 05:48:40 PDT 2012",0,0,"""tupa""","""2""",0,1,"""wug""",1,0,0,1,"""d""",13,"""a""","""false""","""false""",0,TRUE,0,TRUE,"""b""","[]","""c""",0,0,2,"25"
"26",26,"26ZIT3HVWAVK1Z8NFVT1D2ZAMUMEMN","Wed Apr 11 06:31:13 PDT 2012",1,0,"""blicket""","""1""",1,1,"""wug""",1,0,0,0,"""a""",13,"""d""","""correct""","""correct""",1,TRUE,1,TRUE,"""c""","[]","""b""",1,1,2,"26"
"27",27,"26ZIT3HVWAVK1Z8NFVT1D2ZAMUMEMN","Wed Apr 11 06:41:04 PDT 2012",0,0,"""fep""","""2""",0,1,"""blicket""",1,0,0,1,"""d""",13,"""c""","""correct""","""correct""",1,TRUE,0,TRUE,"""a""","[]","""b""",0,0,2,"27"
"28",28,"26ZIT3HVWAVK1Z8NFVT1D2ZAMUMEMN","Wed Apr 11 06:42:03 PDT 2012",1,1,"""blicket""","""2""",1,1,"""tupa""",1,1,0,1,"""a""",13,"""b""","""""","""""",1,TRUE,1,TRUE,"""c""","[]","""d""",0,1,2,"28"
"29",29,"26ZIT3HVWAVK1Z8NFVT1D2ZAMUMEMN","Wed Apr 11 06:49:10 PDT 2012",0,0,"""blicket""","""1""",1,1,"""wug""",1,0,0,0,"""c""",13,"""b""","""correct""","""correct""",1,TRUE,0,TRUE,"""d""","[]","""a""",0,0,2,"29"
"30",30,"26ZIT3HVWAVK1Z8NFVT1D2ZAMUMEMN","Wed Apr 11 07:14:58 PDT 2012",0,0,"""blicket""","""1""",1,0,"""tupa""",1,0,0,0,"""c""",13,"""a""","""correct""","""correct""",1,TRUE,1,TRUE,"""d""","[]","""b""",0,0,2,"30"
"31",31,"26ZIT3HVWAVK1Z8NFVT1D2ZAMUMEMN","Wed Apr 11 07:16:03 PDT 2012",1,1,"""wug""","""1""",1,1,"""tupa""",1,1,1,0,"""c""",13,"""b""","""correct""","""correct""",1,TRUE,1,TRUE,"""a""","[]","""d""",0,0,2,"31"
"32",32,"26ZIT3HVWAVK1Z8NFVT1D2ZAMUMEMN","Wed Apr 11 07:23:30 PDT 2012",1,0,"""blicket""","""2""",1,1,"""tupa""",1,1,0,1,"""d""",13,"""b""","""correct""","""correct""",1,TRUE,1,TRUE,"""c""","[]","""a""",0,0,2,"32"
"33",33,"26ZIT3HVWAVK1Z8NFVT1D2ZAMUMEMN","Wed Apr 11 07:32:08 PDT 2012",0,0,"""fep""","""2""",1,1,"""tupa""",1,0,0,1,"""c""",13,"""d""","""correct""","""correct""",1,TRUE,1,TRUE,"""b""","[]","""a""",0,0,2,"33"
"34",34,"26ZIT3HVWAVK1Z8NFVT1D2ZAMUMEMN","Wed Apr 11 07:34:03 PDT 2012",1,0,"""wug""","""1""",0,0,"""tupa""",1,0,0,0,"""d""",13,"""a""","""correct""","""correct""",0,TRUE,1,TRUE,"""c""","[]","""b""",0,0,2,"34"
"35",35,"26ZIT3HVWAVK1Z8NFVT1D2ZAMUMEMN","Wed Apr 11 07:38:59 PDT 2012",0,0,"""tupa""","""2""",1,1,"""blicket""",1,0,0,1,"""a""",13,"""c""","""correct""","""correct""",1,TRUE,0,TRUE,"""d""","[]","""b""",0,0,2,"35"
"36",36,"26ZIT3HVWAVK1Z8NFVT1D2ZAMUMEMN","Wed Apr 11 07:43:29 PDT 2012",0,0,"""tupa""","""1""",1,1,"""blicket""",1,0,0,0,"""a""",13,"""d""","""correct""","""correct""",0,TRUE,1,TRUE,"""c""","[]","""b""",0,0,2,"36"
"37",37,"26ZIT3HVWAVK1Z8NFVT1D2ZAMUMEMN","Wed Apr 11 07:45:06 PDT 2012",0,0,"""tupa""","""1""",1,1,"""blicket""",1,0,0,0,"""c""",13,"""a""","""correct""","""correct""",0,TRUE,0,TRUE,"""d""","[]","""b""",0,0,2,"37"
"38",38,"26ZIT3HVWAVK1Z8NFVT1D2ZAMUMEMN","Wed Apr 11 07:49:17 PDT 2012",1,0,"""tupa""","""2""",1,1,"""wug""",1,0,0,1,"""d""",13,"""b""","""correct""","""correct""",1,TRUE,1,TRUE,"""c""","[]","""a""",0,0,2,"38"
"39",39,"26ZIT3HVWAVK1Z8NFVT1D2ZAMUMEMN","Wed Apr 11 08:22:54 PDT 2012",1,1,"""fep""","""2""",1,1,"""wug""",1,1,1,1,"""a""",13,"""b""","""correct""","""correct""",1,TRUE,1,TRUE,"""d""","[]","""c""",0,0,2,"39"
"40",40,"26ZIT3HVWAVK1Z8NFVT1D2ZAMUMEMN","Wed Apr 11 08:54:31 PDT 2012",1,1,"""tupa""","""1""",1,1,"""wug""",1,0,0,0,"""c""",13,"""d""","""correct""","""correct""",1,TRUE,1,TRUE,"""a""","[]","""b""",0,0,2,"40"
"41",41,"26ZIT3HVWAVK1Z8NFVT1D2ZAMUMEMN","Wed Apr 11 09:18:02 PDT 2012",0,0,"""wug""","""2""",1,1,"""fep""",1,0,0,1,"""c""",13,"""d""","""correct""","""correct""",1,TRUE,1,TRUE,"""b""","[]","""a""",0,0,2,"41"
"42",42,"26ZIT3HVWAVK1Z8NFVT1D2ZAMUMEMN","Wed Apr 11 09:18:22 PDT 2012",1,1,"""blicket""","""2""",1,1,"""wug""",1,0,0,1,"""d""",13,"""b""","""correct""","""correct""",1,TRUE,1,TRUE,"""a""","[]","""c""",0,0,2,"42"
"43",43,"26ZIT3HVWAVK1Z8NFVT1D2ZAMUMEMN","Wed Apr 11 09:25:39 PDT 2012",0,0,"""wug""","""1""",1,1,"""blicket""",1,0,0,0,"""c""",13,"""b""","""correct""","""correct""",1,TRUE,1,TRUE,"""d""","[]","""a""",0,0,2,"43"
"44",44,"26ZIT3HVWAVK1Z8NFVT1D2ZAMUMEMN","Wed Apr 11 09:44:34 PDT 2012",0,1,"""wug""","""1""",1,1,"""blicket""",1,0,0,0,"""d""",13,"""a""","""correct""","""correct""",1,TRUE,1,TRUE,"""b""","[]","""c""",0,0,2,"44"
"45",45,"26ZIT3HVWAVK1Z8NFVT1D2ZAMUMEMN","Wed Apr 11 10:20:16 PDT 2012",1,1,"""tupa""","""2""",1,1,"""blicket""",1,0,0,1,"""c""",13,"""a""","""correct""","""correct""",1,TRUE,1,TRUE,"""b""","[]","""d""",0,0,2,"45"
"46",46,"26ZIT3HVWAVK1Z8NFVT1D2ZAMUMEMN","Wed Apr 11 10:41:43 PDT 2012",1,1,"""wug""","""1""",1,1,"""blicket""",1,0,0,0,"""a""",13,"""b""","""correct""","""correct""",1,TRUE,1,TRUE,"""d""","[]","""c""",0,0,2,"46"
"47",47,"26ZIT3HVWAVK1Z8NFVT1D2ZAMUMEMN","Wed Apr 11 10:53:31 PDT 2012",0,0,"""fep""","""1""",1,1,"""tupa""",1,0,0,0,"""c""",13,"""d""","""correct""","""correct""",1,TRUE,1,TRUE,"""b""","[]","""a""",0,0,2,"47"
"48",48,"26ZIT3HVWAVK1Z8NFVT1D2ZAMUMEMN","Wed Apr 11 10:53:54 PDT 2012",0,0,"""tupa""","""1""",1,1,"""blicket""",1,0,0,0,"""d""",13,"""c""","""correct""","""correct""",1,TRUE,1,TRUE,"""b""","[]","""a""",0,0,2,"48"
"49",49,"26ZIT3HVWAVK1Z8NFVT1D2ZAMUMEMN","Wed Apr 11 11:31:38 PDT 2012",1,1,"""wug""","""2""",1,1,"""blicket""",1,0,0,1,"""a""",13,"""b""","""correct""","""correct""",1,TRUE,1,TRUE,"""d""","[]","""c""",0,0,2,"49"
"50",50,"26ZIT3HVWAVK1Z8NFVT1D2ZAMUMEMN","Wed Apr 11 11:30:23 PDT 2012",1,0,"""fep""","""2""",1,1,"""tupa""",1,0,0,1,"""d""",13,"""a""","""false""","""false""",0,TRUE,0,TRUE,"""b""","[]","""c""",0,0,2,"50"
"51",51,"2LWGDHDM25L812TZSB8E56OFH07OEU","Thu Apr 12 14:52:11 PDT 2012",1,1,"""fep""","""1""",1,1,"""tupa""",1,0,0,0,"""c""",13,"""b""","""correct""","""correct""",1,TRUE,0,TRUE,"""d""","[]","""a""",0,0,3,"51"
"52",52,"2LWGDHDM25L812TZSB8E56OFH07OEU","Thu Apr 12 14:52:58 PDT 2012",1,1,"""tupa""","""1""",1,1,"""fep""",1,0,0,0,"""a""",13,"""b""","""correct""","""correct""",1,TRUE,1,TRUE,"""c""","[]","""d""",0,0,3,"52"
"53",53,"2LWGDHDM25L812TZSB8E56OFH07OEU","Thu Apr 12 14:53:11 PDT 2012",1,1,"""tupa""","""1""",1,1,"""fep""",1,1,1,0,"""c""",13,"""d""","""correct""","""correct""",1,TRUE,1,TRUE,"""b""","[]","""a""",0,0,3,"53"
"54",54,"2LWGDHDM25L812TZSB8E56OFH07OEU","Thu Apr 12 14:53:47 PDT 2012",1,1,"""blicket""","""1""",1,1,"""wug""",1,1,1,0,"""a""",13,"""d""","""correct""","""correct""",1,TRUE,0,TRUE,"""c""","[]","""b""",0,0,3,"54"
"55",55,"2LWGDHDM25L812TZSB8E56OFH07OEU","Thu Apr 12 14:54:24 PDT 2012",1,1,"""tupa""","""2""",1,1,"""wug""",1,0,0,1,"""b""",13,"""d""","""correct""","""correct""",1,TRUE,1,TRUE,"""c""","[]","""a""",0,0,3,"55"
"56",56,"2LWGDHDM25L812TZSB8E56OFH07OEU","Thu Apr 12 15:10:56 PDT 2012",0,0,"""fep""","""2""",1,0,"""wug""",1,0,0,1,"""a""",13,"""b""","""correct""","""correct""",1,TRUE,0,TRUE,"""d""","[]","""c""",0,0,3,"56"
"57",57,"2LWGDHDM25L812TZSB8E56OFH07OEU","Thu Apr 12 15:12:48 PDT 2012",1,1,"""wug""","""2""",1,1,"""blicket""",1,1,1,1,"""c""",13,"""d""","""correct""","""correct""",1,TRUE,1,TRUE,"""b""","[]","""a""",0,0,3,"57"
"58",58,"2LWGDHDM25L812TZSB8E56OFH07OEU","Thu Apr 12 15:16:32 PDT 2012",1,1,"""fep""","""2""",1,1,"""wug""",1,1,1,1,"""c""",13,"""d""","""correct""","""correct""",1,TRUE,1,TRUE,"""a""","[]","""b""",0,0,3,"58"
"59",59,"2LWGDHDM25L812TZSB8E56OFH07OEU","Thu Apr 12 15:11:58 PDT 2012",0,0,"""fep""","""2""",1,1,"""tupa""",1,0,0,1,"""c""",13,"""b""","""correct""","""correct""",1,TRUE,1,TRUE,"""a""","[]","""d""",0,0,3,"59"
"60",60,"2LWGDHDM25L812TZSB8E56OFH07OEU","Thu Apr 12 15:20:50 PDT 2012",1,0,"""fep""","""1""",1,1,"""wug""",1,0,0,0,"""a""",13,"""b""","""correct""","""correct""",1,TRUE,1,TRUE,"""c""","[]","""d""",0,0,3,"38"
"61",61,"2LWGDHDM25L812TZSB8E56OFH07OEU","Thu Apr 12 15:24:40 PDT 2012",0,0,"""blicket""","""1""",0,0,"""tupa""",1,0,0,0,"""b""",13,"""c""","""correct""","""correct""",1,TRUE,0,TRUE,"""d""","[]","""a""",0,0,3,"60"
"62",62,"2LWGDHDM25L812TZSB8E56OFH07OEU","Thu Apr 12 15:27:28 PDT 2012",0,0,"""tupa""","""2""",1,1,"""blicket""",1,0,0,1,"""b""",13,"""c""","""correct""","""correct""",1,TRUE,1,TRUE,"""d""","[]","""a""",0,0,3,"61"
"63",63,"2LWGDHDM25L812TZSB8E56OFH07OEU","Thu Apr 12 15:30:16 PDT 2012",0,0,"""wug""","""1""",0,0,"""fep""",1,0,0,0,"""d""",13,"""c""","""correct""","""correct""",1,TRUE,1,TRUE,"""b""","[]","""a""",0,0,3,"62"
"64",64,"2LWGDHDM25L812TZSB8E56OFH07OEU","Thu Apr 12 15:33:15 PDT 2012",0,0,"""wug""","""2""",1,1,"""tupa""",1,1,0,1,"""d""",13,"""c""","""correct""","""correct""",1,TRUE,0,TRUE,"""a""","[]","""b""",0,0,3,"63"
"65",65,"2LWGDHDM25L812TZSB8E56OFH07OEU","Thu Apr 12 15:38:36 PDT 2012",0,0,"""tupa""","""1""",1,0,"""fep""",1,0,0,0,"""b""",13,"""c""","""correct""","""correct""",1,TRUE,0,TRUE,"""d""","[]","""a""",0,0,3,"64"
"66",66,"2LWGDHDM25L812TZSB8E56OFH07OEU","Thu Apr 12 15:44:09 PDT 2012",1,1,"""blicket""","""2""",1,1,"""fep""",1,1,1,1,"""a""",13,"""d""","""false""","""false""",1,TRUE,1,TRUE,"""c""","[]","""b""",0,1,3,"65"
"67",67,"2LWGDHDM25L812TZSB8E56OFH07OEU","Thu Apr 12 16:09:05 PDT 2012",0,0,"""fep""","""1""",1,1,"""wug""",1,0,0,0,"""a""",13,"""d""","""correct""","""correct""",1,TRUE,1,TRUE,"""c""","[]","""b""",0,0,3,"66"
"68",68,"2LWGDHDM25L812TZSB8E56OFH07OEU","Thu Apr 12 16:09:18 PDT 2012",0,0,"""fep""","""1""",0,1,"""blicket""",1,0,0,0,"""a""",13,"""b""","""correct""","""correct""",1,TRUE,0,TRUE,"""d""","[]","""c""",0,0,3,"67"
"69",69,"2LWGDHDM25L812TZSB8E56OFH07OEU","Thu Apr 12 16:14:46 PDT 2012",1,1,"""fep""","""2""",1,1,"""tupa""",1,1,1,1,"""b""",13,"""a""","""correct""","""correct""",1,TRUE,1,TRUE,"""d""","[]","""c""",0,0,3,"68"
"70",70,"2LWGDHDM25L812TZSB8E56OFH07OEU","Thu Apr 12 16:17:28 PDT 2012",1,1,"""tupa""","""2""",1,1,"""blicket""",1,1,1,1,"""c""",13,"""b""","""correct""","""false""",1,TRUE,1,TRUE,"""a""","[]","""d""",0,0,3,"69"
"71",71,"2LWGDHDM25L812TZSB8E56OFH07OEU","Thu Apr 12 16:20:46 PDT 2012",0,0,"""tupa""","""1""",1,0,"""fep""",1,0,0,0,"""d""",13,"""c""","""correct""","""correct""",1,TRUE,1,TRUE,"""b""","[]","""a""",0,0,3,"70"
"72",72,"2LWGDHDM25L812TZSB8E56OFH07OEU","Thu Apr 12 16:25:17 PDT 2012",0,0,"""wug""","""2""",1,1,"""fep""",1,0,0,1,"""a""",13,"""d""","""correct""","""correct""",0,TRUE,1,TRUE,"""b""","[]","""c""",0,0,3,"71"
"73",73,"2LWGDHDM25L812TZSB8E56OFH07OEU","Thu Apr 12 16:46:38 PDT 2012",0,0,"""blicket""","""1""",0,0,"""fep""",1,0,0,0,"""b""",13,"""c""","""correct""","""correct""",0,TRUE,0,TRUE,"""a""","[]","""d""",0,0,3,"72"
"74",74,"2LWGDHDM25L812TZSB8E56OFH07OEU","Thu Apr 12 17:08:57 PDT 2012",0,1,"""fep""","""2""",1,1,"""tupa""",1,0,1,1,"""b""",13,"""a""","""correct""","""false""",1,TRUE,1,TRUE,"""d""","[]","""c""",0,0,3,"73"
"75",75,"2LWGDHDM25L812TZSB8E56OFH07OEU","Thu Apr 12 17:27:56 PDT 2012",0,0,"""tupa""","""1""",1,0,"""fep""",1,0,0,0,"""c""",13,"""d""","""correct""","""correct""",1,TRUE,1,TRUE,"""a""","[]","""b""",0,0,3,"74"
"76",76,"2LWGDHDM25L812TZSB8E56OFH07OEU","Thu Apr 12 17:27:49 PDT 2012",1,1,"""tupa""","""1""",1,1,"""blicket""",1,1,1,0,"""d""",13,"""c""","""correct""","""correct""",1,TRUE,1,TRUE,"""a""","[]","""b""",0,0,3,"75"
"77",77,"2LWGDHDM25L812TZSB8E56OFH07OEU","Thu Apr 12 17:57:33 PDT 2012",1,1,"""fep""","""2""",1,1,"""wug""",1,0,0,1,"""d""",13,"""a""","""correct""","""correct""",1,TRUE,1,TRUE,"""c""","[]","""b""",0,0,3,"76"
"78",78,"2LWGDHDM25L812TZSB8E56OFH07OEU","Thu Apr 12 18:01:53 PDT 2012",0,0,"""wug""","""2""",1,1,"""fep""",1,0,0,1,"""b""",13,"""d""","""false""","""false""",1,TRUE,1,TRUE,"""a""","[]","""c""",0,0,3,"77"
"79",79,"2LWGDHDM25L812TZSB8E56OFH07OEU","Thu Apr 12 18:08:24 PDT 2012",1,0,"""fep""","""1""",1,1,"""blicket""",1,0,0,0,"""a""",13,"""c""","""correct""","""correct""",1,TRUE,1,TRUE,"""b""","[]","""d""",0,0,3,"78"
"80",80,"2LWGDHDM25L812TZSB8E56OFH07OEU","Thu Apr 12 18:08:23 PDT 2012",1,1,"""wug""","""1""",1,1,"""tupa""",1,0,0,0,"""a""",13,"""b""","""correct""","""correct""",1,TRUE,1,TRUE,"""d""","[]","""c""",0,0,3,"79"
"81",81,"2LWGDHDM25L812TZSB8E56OFH07OEU","Thu Apr 12 18:31:22 PDT 2012",0,0,"""wug""","""2""",1,1,"""blicket""",1,0,0,1,"""b""",13,"""a""","""correct""","""correct""",1,TRUE,1,TRUE,"""d""","[]","""c""",0,0,3,"80"
"82",82,"2LWGDHDM25L812TZSB8E56OFH07OEU","Thu Apr 12 18:37:11 PDT 2012",0,0,"""wug""","""2""",1,1,"""tupa""",1,0,0,1,"""c""",13,"""a""","""correct""","""correct""",1,TRUE,1,TRUE,"""d""","[]","""b""",0,0,3,"81"
"83",83,"2LWGDHDM25L812TZSB8E56OFH07OEU","Thu Apr 12 18:44:57 PDT 2012",1,1,"""fep""","""1""",1,1,"""blicket""",1,0,0,0,"""b""",13,"""a""","""correct""","""correct""",1,TRUE,1,TRUE,"""c""","[]","""d""",0,0,3,"82"
"84",84,"2LWGDHDM25L812TZSB8E56OFH07OEU","Thu Apr 12 18:53:43 PDT 2012",1,0,"""blicket""","""2""",1,1,"""wug""",1,0,0,1,"""a""",13,"""c""","""correct""","""correct""",1,TRUE,1,TRUE,"""d""","[]","""b""",0,0,3,"83"
"85",85,"2LWGDHDM25L812TZSB8E56OFH07OEU","Thu Apr 12 19:19:10 PDT 2012",1,1,"""tupa""","""1""",1,1,"""fep""",1,0,0,0,"""b""",13,"""c""","""correct""","""correct""",1,TRUE,0,TRUE,"""d""","[]","""a""",0,0,3,"84"
"86",86,"2LWGDHDM25L812TZSB8E56OFH07OEU","Thu Apr 12 19:25:33 PDT 2012",1,1,"""wug""","""2""",1,1,"""blicket""",1,1,1,1,"""d""",13,"""a""","""correct""","""correct""",1,TRUE,1,TRUE,"""c""","[]","""b""",0,0,3,"85"
"87",87,"2LWGDHDM25L812TZSB8E56OFH07OEU","Thu Apr 12 19:31:39 PDT 2012",0,0,"""fep""","""1""",0,0,"""blicket""",1,0,0,0,"""b""",13,"""a""","""correct""","""correct""",1,TRUE,0,TRUE,"""d""","[]","""c""",0,0,3,"86"
"88",88,"2LWGDHDM25L812TZSB8E56OFH07OEU","Thu Apr 12 19:34:29 PDT 2012",0,0,"""tupa""","""2""",1,0,"""wug""",1,0,0,1,"""b""",13,"""d""","""correct""","""false""",1,TRUE,0,TRUE,"""a""","[]","""c""",0,1,3,"87"
"89",89,"2LWGDHDM25L812TZSB8E56OFH07OEU","Thu Apr 12 19:52:07 PDT 2012",1,1,"""fep""","""1""",1,1,"""wug""",1,0,0,0,"""a""",13,"""c""","""correct""","""correct""",1,TRUE,1,TRUE,"""d""","[]","""b""",0,0,3,"88"
"90",90,"2LWGDHDM25L812TZSB8E56OFH07OEU","Thu Apr 12 20:06:48 PDT 2012",0,0,"""tupa""","""2""",1,1,"""blicket""",1,0,0,1,"""c""",13,"""a""","""correct""","""correct""",1,TRUE,1,TRUE,"""d""","[]","""b""",0,0,3,"89"
"91",91,"2LWGDHDM25L812TZSB8E56OFH07OEU","Thu Apr 12 20:30:11 PDT 2012",0,0,"""fep""","""1""",1,1,"""blicket""",1,0,0,0,"""a""",13,"""d""","""correct""","""correct""",1,TRUE,1,TRUE,"""c""","[]","""b""",0,0,3,"90"
"92",92,"2LWGDHDM25L812TZSB8E56OFH07OEU","Thu Apr 12 20:45:01 PDT 2012",1,1,"""fep""","""2""",1,1,"""wug""",1,1,1,1,"""d""",13,"""b""","""correct""","""correct""",1,TRUE,1,TRUE,"""c""","[]","""a""",0,0,3,"91"
"93",93,"2LWGDHDM25L812TZSB8E56OFH07OEU","Thu Apr 12 21:13:50 PDT 2012",1,1,"""blicket""","""1""",1,1,"""fep""",1,1,1,0,"""d""",13,"""b""","""correct""","""correct""",1,TRUE,1,TRUE,"""a""","[]","""c""",0,0,3,"92"
"94",94,"2LWGDHDM25L812TZSB8E56OFH07OEU","Thu Apr 12 21:41:05 PDT 2012",0,0,"""blicket""","""2""",0,1,"""tupa""",1,0,1,1,"""a""",13,"""c""","""correct""","""correct""",1,TRUE,1,TRUE,"""d""","[]","""b""",0,0,3,"93"
"95",95,"2LWGDHDM25L812TZSB8E56OFH07OEU","Thu Apr 12 22:18:27 PDT 2012",0,0,"""tupa""","""1""",1,1,"""fep""",1,0,0,0,"""d""",13,"""a""","""correct""","""correct""",1,TRUE,1,TRUE,"""b""","[]","""c""",0,0,3,"94"
"96",96,"2LWGDHDM25L812TZSB8E56OFH07OEU","Thu Apr 12 22:41:22 PDT 2012",1,0,"""tupa""","""2""",1,1,"""blicket""",1,0,0,1,"""d""",13,"""c""","""correct""","""correct""",1,TRUE,1,TRUE,"""b""","[]","""a""",0,0,3,"95"
"97",97,"2LWGDHDM25L812TZSB8E56OFH07OEU","Thu Apr 12 22:41:31 PDT 2012",1,1,"""wug""","""2""",1,1,"""fep""",1,1,1,1,"""b""",13,"""a""","""correct""","""correct""",0,TRUE,0,TRUE,"""c""","[]","""d""",0,0,3,"96"
"98",98,"2LWGDHDM25L812TZSB8E56OFH07OEU","Thu Apr 12 23:07:25 PDT 2012",0,0,"""tupa""","""1""",1,1,"""wug""",1,0,0,0,"""c""",13,"""b""","""correct""","""correct""",1,TRUE,0,TRUE,"""d""","[]","""a""",0,0,3,"5"
"99",99,"2LWGDHDM25L812TZSB8E56OFH07OEU","Thu Apr 12 23:17:12 PDT 2012",0,0,"""fep""","""1""",1,1,"""wug""",1,0,0,0,"""d""",13,"""c""","""correct""","""correct""",0,TRUE,0,TRUE,"""a""","[]","""b""",0,0,3,"97"
"100",100,"2LWGDHDM25L812TZSB8E56OFH07OEU","Thu Apr 12 23:46:07 PDT 2012",1,1,"""fep""","""2""",1,1,"""wug""",1,1,1,1,"""c""",13,"""d""","""correct""","""correct""",1,TRUE,1,TRUE,"""b""","[]","""a""",0,0,3,"98"
"101",101,"2PAV7WGKCCVL4WIAZ8DHGPQ5PSDT3R","Mon Apr 16 12:04:12 PDT 2012",0,0,"""tupa""","""4""",1,1,"""blicket""",1,0,0,1,"""d""",13,"""a""","""correct""","""correct""",1,TRUE,1,TRUE,"""b""","[]","""c""",0,0,4,"99"
"102",102,"2PAV7WGKCCVL4WIAZ8DHGPQ5PSDT3R","Mon Apr 16 12:04:51 PDT 2012",0,0,"""fep""","""4""",1,0,"""blicket""",1,0,0,1,"""d""",13,"""a""","""correct""","""correct""",1,TRUE,0,TRUE,"""b""","[]","""c""",0,0,4,"100"
"103",103,"2PAV7WGKCCVL4WIAZ8DHGPQ5PSDT3R","Mon Apr 16 12:05:53 PDT 2012",0,0,"""blicket""","""4""",1,1,"""wug""",1,1,0,1,"""c""",13,"""a""","""false""","""false""",0,TRUE,0,TRUE,"""b""","[]","""d""",0,0,4,"101"
"104",104,"2PAV7WGKCCVL4WIAZ8DHGPQ5PSDT3R","Mon Apr 16 12:06:46 PDT 2012",0,0,"""NA""","""3""",1,0,"""NA""",0,0,0,1,"""a""",13,"""c""","""correct""","""correct""",0,TRUE,1,TRUE,"""b""","[]","""d""",0,0,4,"102"
"105",105,"2PAV7WGKCCVL4WIAZ8DHGPQ5PSDT3R","Mon Apr 16 12:07:39 PDT 2012",1,0,"""NA""","""3""",1,1,"""NA""",0,0,0,1,"""a""",13,"""d""","""correct""","""correct""",1,TRUE,1,TRUE,"""b""","[]","""c""",0,0,4,"103"
"106",106,"2PAV7WGKCCVL4WIAZ8DHGPQ5PSDT3R","Mon Apr 16 12:08:28 PDT 2012",0,0,"""NA""","""3""",1,1,"""NA""",0,0,0,1,"""d""",13,"""c""","""correct""","""correct""",1,TRUE,1,TRUE,"""b""","[]","""a""",0,0,4,"104"
"107",107,"2PAV7WGKCCVL4WIAZ8DHGPQ5PSDT3R","Mon Apr 16 12:08:41 PDT 2012",1,1,"""tupa""","""2""",1,1,"""fep""",1,1,1,0,"""a""",13,"""c""","""correct""","""correct""",1,TRUE,1,TRUE,"""b""","[]","""d""",0,0,4,"105"
"108",108,"2PAV7WGKCCVL4WIAZ8DHGPQ5PSDT3R","Mon Apr 16 12:11:46 PDT 2012",0,1,"""tupa""","""2""",1,1,"""wug""",1,1,1,0,"""b""",13,"""a""","""correct""","""correct""",1,TRUE,1,TRUE,"""c""","[]","""d""",0,0,4,"106"
"109",109,"2PAV7WGKCCVL4WIAZ8DHGPQ5PSDT3R","Mon Apr 16 12:20:13 PDT 2012",1,0,"""tupa""","""4""",1,1,"""wug""",1,0,0,1,"""a""",13,"""d""","""correct""","""correct""",0,TRUE,1,TRUE,"""b""","[]","""c""",0,0,4,"107"
"110",110,"2PAV7WGKCCVL4WIAZ8DHGPQ5PSDT3R","Mon Apr 16 12:21:20 PDT 2012",1,1,"""wug""","""4""",1,1,"""tupa""",1,1,1,1,"""d""",13,"""c""","""false""","""false""",1,TRUE,1,TRUE,"""b""","[]","""a""",0,0,4,"108"
"111",111,"2PAV7WGKCCVL4WIAZ8DHGPQ5PSDT3R","Mon Apr 16 12:29:01 PDT 2012",1,1,"""NA""","""1""",1,1,"""NA""",0,0,0,0,"""c""",13,"""a""","""correct""","""correct""",1,TRUE,0,TRUE,"""d""","[]","""b""",0,0,4,"109"
"112",112,"2PAV7WGKCCVL4WIAZ8DHGPQ5PSDT3R","Mon Apr 16 12:33:45 PDT 2012",0,0,"""wug""","""2""",1,1,"""fep""",1,0,0,0,"""a""",13,"""c""","""correct""","""correct""",1,TRUE,1,TRUE,"""d""","[]","""b""",0,0,4,"110"
"113",113,"2PAV7WGKCCVL4WIAZ8DHGPQ5PSDT3R","Mon Apr 16 12:36:53 PDT 2012",1,1,"""NA""","""3""",1,1,"""NA""",0,0,0,1,"""c""",13,"""d""","""correct""","""correct""",1,TRUE,1,TRUE,"""a""","[]","""b""",0,0,4,"111"
"114",114,"2PAV7WGKCCVL4WIAZ8DHGPQ5PSDT3R","Mon Apr 16 12:38:53 PDT 2012",1,1,"""NA""","""1""",1,1,"""NA""",0,0,0,0,"""b""",13,"""a""","""correct""","""correct""",1,TRUE,1,TRUE,"""c""","[]","""d""",0,0,4,"112"
"115",115,"2PAV7WGKCCVL4WIAZ8DHGPQ5PSDT3R","Mon Apr 16 12:40:21 PDT 2012",0,0,"""wug""","""2""",0,0,"""tupa""",1,1,1,0,"""c""",13,"""d""","""correct""","""correct""",1,TRUE,1,TRUE,"""a""","[]","""b""",0,0,4,"113"
"116",116,"2PAV7WGKCCVL4WIAZ8DHGPQ5PSDT3R","Mon Apr 16 12:48:14 PDT 2012",0,0,"""NA""","""3""",1,0,"""NA""",0,0,0,1,"""b""",13,"""d""","""correct""","""correct""",1,TRUE,1,TRUE,"""a""","[]","""c""",0,0,4,"114"
"117",117,"2PAV7WGKCCVL4WIAZ8DHGPQ5PSDT3R","Mon Apr 16 12:53:01 PDT 2012",0,0,"""blicket""","""4""",1,1,"""tupa""",1,0,0,1,"""a""",13,"""c""","""correct""","""correct""",1,TRUE,1,TRUE,"""d""","[]","""b""",0,0,4,"115"
"118",118,"2PAV7WGKCCVL4WIAZ8DHGPQ5PSDT3R","Mon Apr 16 13:00:30 PDT 2012",1,1,"""NA""","""1""",1,1,"""NA""",0,0,0,0,"""a""",13,"""b""","""correct""","""correct""",0,TRUE,1,TRUE,"""c""","[]","""d""",0,0,4,"116"
"119",119,"2PAV7WGKCCVL4WIAZ8DHGPQ5PSDT3R","Mon Apr 16 13:08:11 PDT 2012",1,1,"""blicket""","""2""",1,1,"""fep""",1,0,0,0,"""a""",13,"""c""","""correct""","""correct""",1,TRUE,1,TRUE,"""d""","[]","""b""",0,0,4,"117"
"120",120,"2PAV7WGKCCVL4WIAZ8DHGPQ5PSDT3R","Mon Apr 16 13:16:14 PDT 2012",0,0,"""NA""","""3""",1,1,"""NA""",0,0,0,1,"""c""",13,"""d""","""correct""","""correct""",1,TRUE,1,TRUE,"""a""","[]","""b""",0,0,4,"118"
"121",121,"2PAV7WGKCCVL4WIAZ8DHGPQ5PSDT3R","Mon Apr 16 13:24:15 PDT 2012",0,1,"""tupa""","""4""",1,1,"""fep""",1,1,1,1,"""a""",13,"""c""","""false""","""false""",1,TRUE,1,TRUE,"""d""","[]","""b""",1,1,4,"119"
"122",122,"2PAV7WGKCCVL4WIAZ8DHGPQ5PSDT3R","Mon Apr 16 13:26:32 PDT 2012",0,0,"""NA""","""1""",1,1,"""NA""",0,0,0,0,"""a""",13,"""b""","""correct""","""correct""",0,TRUE,1,TRUE,"""c""","[]","""d""",0,0,4,"120"
"123",123,"2PAV7WGKCCVL4WIAZ8DHGPQ5PSDT3R","Mon Apr 16 13:49:42 PDT 2012",0,0,"""blicket""","""2""",1,1,"""wug""",1,0,0,0,"""c""",13,"""a""","""correct""","""correct""",1,TRUE,1,TRUE,"""b""","[]","""d""",0,0,4,"36"
"124",124,"2PAV7WGKCCVL4WIAZ8DHGPQ5PSDT3R","Mon Apr 16 13:58:08 PDT 2012",0,0,"""NA""","""3""",0,0,"""NA""",0,0,0,1,"""d""",13,"""a""","""correct""","""correct""",0,TRUE,1,TRUE,"""b""","[]","""c""",0,0,4,"121"
"125",125,"2PAV7WGKCCVL4WIAZ8DHGPQ5PSDT3R","Mon Apr 16 14:02:08 PDT 2012",1,1,"""wug""","""4""",1,1,"""tupa""",1,1,1,1,"""a""",13,"""d""","""correct""","""correct""",1,TRUE,1,TRUE,"""c""","[]","""b""",0,0,4,"122"
"126",126,"2PAV7WGKCCVL4WIAZ8DHGPQ5PSDT3R","Mon Apr 16 14:13:28 PDT 2012",0,0,"""NA""","""1""",0,0,"""NA""",0,1,0,0,"""a""",13,"""b""","""correct""","""correct""",0,TRUE,1,TRUE,"""c""","[]","""d""",1,0,4,"123"
"127",127,"2PAV7WGKCCVL4WIAZ8DHGPQ5PSDT3R","Mon Apr 16 14:17:40 PDT 2012",1,1,"""wug""","""2""",1,1,"""tupa""",1,1,1,0,"""d""",13,"""b""","""correct""","""correct""",1,TRUE,1,TRUE,"""a""","[]","""c""",0,0,4,"43"
"128",128,"2PAV7WGKCCVL4WIAZ8DHGPQ5PSDT3R","Mon Apr 16 14:42:36 PDT 2012",0,0,"""NA""","""3""",0,0,"""NA""",0,0,0,1,"""a""",13,"""d""","""correct""","""correct""",1,TRUE,1,TRUE,"""c""","[]","""b""",0,0,4,"124"
"129",129,"2PAV7WGKCCVL4WIAZ8DHGPQ5PSDT3R","Mon Apr 16 14:54:05 PDT 2012",0,0,"""blicket""","""4""",1,1,"""fep""",1,0,0,1,"""d""",13,"""a""","""correct""","""correct""",1,TRUE,1,TRUE,"""b""","[]","""c""",0,0,4,"125"
"130",130,"2PAV7WGKCCVL4WIAZ8DHGPQ5PSDT3R","Mon Apr 16 15:20:01 PDT 2012",0,0,"""NA""","""1""",1,1,"""NA""",0,0,0,0,"""c""",13,"""d""","""correct""","""correct""",1,TRUE,1,TRUE,"""b""","[]","""a""",0,0,4,"126"
"131",131,"2PAV7WGKCCVL4WIAZ8DHGPQ5PSDT3R","Mon Apr 16 15:26:57 PDT 2012",1,0,"""wug""","""2""",0,1,"""fep""",1,0,0,0,"""a""",13,"""b""","""correct""","""correct""",1,TRUE,0,TRUE,"""c""","[]","""d""",0,0,4,"127"
"132",132,"2PAV7WGKCCVL4WIAZ8DHGPQ5PSDT3R","Mon Apr 16 15:34:43 PDT 2012",1,1,"""NA""","""3""",1,1,"""NA""",0,1,1,1,"""d""",13,"""a""","""correct""","""correct""",1,TRUE,1,TRUE,"""b""","[]","""c""",0,0,4,"128"
"133",133,"2PAV7WGKCCVL4WIAZ8DHGPQ5PSDT3R","Mon Apr 16 15:43:50 PDT 2012",1,1,"""tupa""","""4""",1,1,"""blicket""",1,0,1,1,"""d""",13,"""c""","""correct""","""correct""",1,TRUE,1,TRUE,"""a""","[]","""b""",0,0,4,"129"
"134",134,"2PAV7WGKCCVL4WIAZ8DHGPQ5PSDT3R","Mon Apr 16 15:48:18 PDT 2012",0,0,"""NA""","""1""",1,1,"""NA""",0,0,0,0,"""c""",13,"""a""","""correct""","""correct""",1,TRUE,1,TRUE,"""b""","[]","""d""",0,0,4,"130"
"135",135,"2PAV7WGKCCVL4WIAZ8DHGPQ5PSDT3R","Mon Apr 16 15:54:20 PDT 2012",1,0,"""tupa""","""2""",1,1,"""wug""",1,0,0,0,"""d""",13,"""a""","""correct""","""correct""",0,TRUE,0,TRUE,"""c""","[]","""b""",0,0,4,"131"
"136",136,"2PAV7WGKCCVL4WIAZ8DHGPQ5PSDT3R","Mon Apr 16 16:36:28 PDT 2012",0,0,"""NA""","""3""",1,0,"""NA""",0,0,0,1,"""c""",13,"""b""","""correct""","""correct""",1,TRUE,1,TRUE,"""a""","[]","""d""",0,0,4,"132"
"137",137,"2PAV7WGKCCVL4WIAZ8DHGPQ5PSDT3R","Mon Apr 16 16:43:43 PDT 2012",1,1,"""tupa""","""4""",1,1,"""wug""",1,1,1,1,"""d""",13,"""a""","""correct""","""correct""",1,TRUE,1,TRUE,"""c""","[]","""b""",0,0,4,"133"
"138",138,"2PAV7WGKCCVL4WIAZ8DHGPQ5PSDT3R","Mon Apr 16 16:43:57 PDT 2012",1,1,"""fep""","""4""",1,1,"""tupa""",1,1,0,1,"""a""",13,"""b""","""correct""","""correct""",1,TRUE,1,TRUE,"""d""","[]","""c""",0,0,4,"134"
"139",139,"2PAV7WGKCCVL4WIAZ8DHGPQ5PSDT3R","Mon Apr 16 16:50:31 PDT 2012",0,0,"""NA""","""1""",1,1,"""NA""",0,0,0,0,"""c""",13,"""d""","""correct""","""correct""",1,TRUE,1,TRUE,"""b""","[]","""a""",0,0,4,"135"
"140",140,"2PAV7WGKCCVL4WIAZ8DHGPQ5PSDT3R","Mon Apr 16 16:50:34 PDT 2012",0,0,"""NA""","""1""",0,0,"""NA""",0,0,0,0,"""b""",13,"""a""","""correct""","""correct""",0,TRUE,1,TRUE,"""c""","[]","""d""",0,0,4,"136"
"141",141,"2PAV7WGKCCVL4WIAZ8DHGPQ5PSDT3R","Mon Apr 16 16:51:19 PDT 2012",0,0,"""NA""","""1""",1,1,"""NA""",0,0,0,0,"""b""",13,"""a""","""correct""","""correct""",1,TRUE,1,TRUE,"""c""","[]","""d""",0,0,4,"137"
"142",142,"2PAV7WGKCCVL4WIAZ8DHGPQ5PSDT3R","Mon Apr 16 16:53:09 PDT 2012",0,1,"""tupa""","""2""",0,1,"""blicket""",1,1,1,0,"""b""",13,"""d""","""correct""","""correct""",1,TRUE,1,TRUE,"""a""","[]","""c""",0,0,4,"138"
"143",143,"2PAV7WGKCCVL4WIAZ8DHGPQ5PSDT3R","Mon Apr 16 16:53:26 PDT 2012",1,1,"""tupa""","""2""",1,1,"""wug""",1,0,0,0,"""a""",13,"""b""","""correct""","""correct""",1,TRUE,1,TRUE,"""d""","[]","""c""",0,0,4,"139"
"144",144,"2PAV7WGKCCVL4WIAZ8DHGPQ5PSDT3R","Mon Apr 16 16:53:35 PDT 2012",0,0,"""blicket""","""2""",1,1,"""tupa""",1,0,0,0,"""c""",13,"""a""","""correct""","""correct""",1,TRUE,1,TRUE,"""b""","[]","""d""",0,0,4,"140"
"145",145,"2PAV7WGKCCVL4WIAZ8DHGPQ5PSDT3R","Mon Apr 16 16:54:01 PDT 2012",1,1,"""blicket""","""2""",1,1,"""fep""",1,0,0,0,"""a""",13,"""b""","""correct""","""correct""",1,TRUE,1,TRUE,"""c""","[]","""d""",0,0,4,"141"
"146",146,"2PAV7WGKCCVL4WIAZ8DHGPQ5PSDT3R","Mon Apr 16 16:54:55 PDT 2012",1,1,"""NA""","""3""",1,1,"""NA""",0,0,0,1,"""d""",13,"""c""","""correct""","""correct""",1,TRUE,1,TRUE,"""b""","[]","""a""",0,0,4,"142"
"147",147,"2PAV7WGKCCVL4WIAZ8DHGPQ5PSDT3R","Mon Apr 16 16:56:13 PDT 2012",0,0,"""NA""","""3""",1,1,"""NA""",0,0,0,1,"""b""",13,"""c""","""correct""","""correct""",1,TRUE,1,TRUE,"""a""","[]","""d""",0,0,4,"143"
"148",148,"2PAV7WGKCCVL4WIAZ8DHGPQ5PSDT3R","Mon Apr 16 16:57:05 PDT 2012",1,0,"""NA""","""3""",1,1,"""NA""",0,0,0,1,"""b""",13,"""c""","""correct""","""correct""",0,TRUE,0,TRUE,"""d""","[]","""a""",0,0,4,"144"
"149",149,"2PAV7WGKCCVL4WIAZ8DHGPQ5PSDT3R","Mon Apr 16 16:56:23 PDT 2012",1,1,"""NA""","""3""",0,0,"""NA""",0,0,0,1,"""d""",13,"""a""","""correct""","""correct""",0,TRUE,1,TRUE,"""c""","[]","""b""",0,1,4,"145"
"150",150,"2PAV7WGKCCVL4WIAZ8DHGPQ5PSDT3R","Mon Apr 16 16:56:57 PDT 2012",0,0,"""NA""","""3""",1,1,"""NA""",0,0,0,1,"""c""",13,"""a""","""correct""","""correct""",1,TRUE,1,TRUE,"""b""","[]","""d""",0,0,4,"146"
"151",151,"2PAV7WGKCCVL4WIAZ8DHGPQ5PSDT3R","Mon Apr 16 16:58:07 PDT 2012",0,0,"""fep""","""4""",1,1,"""wug""",1,1,0,1,"""d""",13,"""b""","""false""","""false""",0,TRUE,0,TRUE,"""c""","[]","""a""",0,0,4,"147"
"152",152,"2PAV7WGKCCVL4WIAZ8DHGPQ5PSDT3R","Mon Apr 16 16:58:26 PDT 2012",1,1,"""fep""","""4""",1,1,"""wug""",1,1,1,1,"""d""",13,"""a""","""correct""","""correct""",1,TRUE,1,TRUE,"""c""","[]","""b""",0,0,4,"148"
"153",153,"2PAV7WGKCCVL4WIAZ8DHGPQ5PSDT3R","Mon Apr 16 16:59:16 PDT 2012",1,1,"""fep""","""4""",1,1,"""blicket""",1,1,1,1,"""b""",13,"""c""","""correct""","""correct""",1,TRUE,1,TRUE,"""a""","[]","""d""",0,0,4,"149"
"154",154,"2PAV7WGKCCVL4WIAZ8DHGPQ5PSDT3R","Mon Apr 16 16:59:14 PDT 2012",1,0,"""wug""","""4""",1,1,"""blicket""",1,1,0,1,"""d""",13,"""a""","""correct""","""correct""",1,TRUE,1,TRUE,"""c""","[]","""b""",0,0,4,"150"
"155",155,"2PAV7WGKCCVL4WIAZ8DHGPQ5PSDT3R","Mon Apr 16 17:00:02 PDT 2012",0,0,"""fep""","""4""",1,1,"""blicket""",1,0,0,1,"""a""",13,"""d""","""correct""","""correct""",1,TRUE,1,TRUE,"""b""","[]","""c""",0,0,4,"151"
"156",156,"2PAV7WGKCCVL4WIAZ8DHGPQ5PSDT3R","Mon Apr 16 16:59:47 PDT 2012",0,0,"""blicket""","""4""",1,1,"""fep""",1,1,0,1,"""d""",13,"""c""","""correct""","""correct""",1,TRUE,1,TRUE,"""a""","[]","""b""",0,0,4,"152"
"157",157,"2PAV7WGKCCVL4WIAZ8DHGPQ5PSDT3R","Mon Apr 16 16:59:55 PDT 2012",1,1,"""tupa""","""4""",1,1,"""wug""",1,1,1,1,"""c""",13,"""a""","""correct""","""correct""",1,TRUE,1,TRUE,"""d""","[]","""b""",0,0,4,"153"
"158",158,"2PAV7WGKCCVL4WIAZ8DHGPQ5PSDT3R","Mon Apr 16 17:01:31 PDT 2012",0,0,"""NA""","""1""",1,1,"""NA""",0,0,0,0,"""c""",13,"""a""","""correct""","""correct""",0,TRUE,0,TRUE,"""b""","[]","""d""",0,0,4,"154"
"159",159,"2PAV7WGKCCVL4WIAZ8DHGPQ5PSDT3R","Mon Apr 16 17:01:55 PDT 2012",1,0,"""NA""","""1""",0,1,"""NA""",0,0,0,0,"""a""",13,"""d""","""correct""","""correct""",1,TRUE,1,TRUE,"""b""","[]","""c""",0,0,4,"155"
"160",160,"2PAV7WGKCCVL4WIAZ8DHGPQ5PSDT3R","Mon Apr 16 17:02:31 PDT 2012",0,0,"""NA""","""1""",1,1,"""NA""",0,0,0,0,"""d""",13,"""b""","""correct""","""correct""",1,TRUE,0,TRUE,"""a""","[]","""c""",0,0,4,"156"
"161",161,"2PAV7WGKCCVL4WIAZ8DHGPQ5PSDT3R","Mon Apr 16 17:03:02 PDT 2012",1,0,"""NA""","""1""",1,1,"""NA""",0,1,0,0,"""b""",13,"""a""","""correct""","""correct""",1,TRUE,1,TRUE,"""c""","[]","""d""",0,0,4,"157"
"162",162,"2PAV7WGKCCVL4WIAZ8DHGPQ5PSDT3R","Mon Apr 16 17:02:48 PDT 2012",0,0,"""NA""","""1""",1,0,"""NA""",0,0,0,0,"""a""",13,"""b""","""correct""","""correct""",1,TRUE,0,TRUE,"""d""","[]","""c""",0,0,4,"158"
"163",163,"2PAV7WGKCCVL4WIAZ8DHGPQ5PSDT3R","Mon Apr 16 17:02:34 PDT 2012",0,0,"""NA""","""1""",1,1,"""NA""",0,0,0,0,"""d""",13,"""b""","""correct""","""correct""",1,TRUE,1,TRUE,"""a""","[]","""c""",0,0,4,"159"
"164",164,"2PAV7WGKCCVL4WIAZ8DHGPQ5PSDT3R","Mon Apr 16 17:03:03 PDT 2012",0,0,"""NA""","""1""",1,0,"""NA""",0,0,0,0,"""c""",13,"""d""","""correct""","""correct""",1,TRUE,1,TRUE,"""a""","[]","""b""",0,0,4,"160"
"165",165,"2PAV7WGKCCVL4WIAZ8DHGPQ5PSDT3R","Mon Apr 16 17:04:06 PDT 2012",0,0,"""tupa""","""2""",1,1,"""blicket""",1,0,0,0,"""d""",13,"""c""","""correct""","""correct""",1,TRUE,1,TRUE,"""b""","[]","""a""",0,0,4,"161"
"166",166,"2PAV7WGKCCVL4WIAZ8DHGPQ5PSDT3R","Mon Apr 16 17:04:17 PDT 2012",0,0,"""tupa""","""2""",1,1,"""wug""",1,0,0,0,"""c""",13,"""a""","""correct""","""correct""",1,TRUE,1,TRUE,"""d""","[]","""b""",0,0,4,"162"
"167",167,"2PAV7WGKCCVL4WIAZ8DHGPQ5PSDT3R","Mon Apr 16 17:05:47 PDT 2012",0,0,"""blicket""","""2""",1,1,"""wug""",1,0,0,0,"""c""",13,"""d""","""correct""","""correct""",1,TRUE,1,TRUE,"""b""","[]","""a""",0,0,4,"163"
"168",168,"2PAV7WGKCCVL4WIAZ8DHGPQ5PSDT3R","Mon Apr 16 17:06:10 PDT 2012",0,0,"""NA""","""3""",1,1,"""NA""",0,0,0,1,"""b""",13,"""d""","""correct""","""correct""",1,TRUE,1,TRUE,"""c""","[]","""a""",0,0,4,"164"
"169",169,"2PAV7WGKCCVL4WIAZ8DHGPQ5PSDT3R","Mon Apr 16 17:07:42 PDT 2012",1,1,"""NA""","""3""",1,1,"""NA""",0,0,0,1,"""c""",13,"""b""","""correct""","""correct""",1,TRUE,1,TRUE,"""d""","[]","""a""",0,0,4,"165"
"170",170,"2PAV7WGKCCVL4WIAZ8DHGPQ5PSDT3R","Mon Apr 16 17:08:15 PDT 2012",0,0,"""NA""","""3""",1,1,"""NA""",0,0,0,1,"""c""",13,"""a""","""correct""","""correct""",1,TRUE,1,TRUE,"""d""","[]","""b""",0,0,4,"166"
"171",171,"2PAV7WGKCCVL4WIAZ8DHGPQ5PSDT3R","Mon Apr 16 17:09:51 PDT 2012",0,1,"""blicket""","""2""",1,1,"""tupa""",1,0,0,0,"""b""",13,"""a""","""correct""","""correct""",1,TRUE,0,TRUE,"""d""","[]","""c""",0,0,4,"167"
"172",172,"2PAV7WGKCCVL4WIAZ8DHGPQ5PSDT3R","Mon Apr 16 17:10:15 PDT 2012",0,0,"""blicket""","""2""",1,1,"""wug""",1,0,0,0,"""d""",13,"""a""","""correct""","""correct""",0,TRUE,1,TRUE,"""b""","[]","""c""",0,0,4,"168"
"173",173,"2PAV7WGKCCVL4WIAZ8DHGPQ5PSDT3R","Mon Apr 16 17:11:54 PDT 2012",0,0,"""blicket""","""2""",1,0,"""fep""",1,0,0,0,"""c""",13,"""b""","""correct""","""correct""",1,TRUE,0,TRUE,"""d""","[]","""a""",0,0,4,"169"
"174",174,"2PAV7WGKCCVL4WIAZ8DHGPQ5PSDT3R","Mon Apr 16 17:12:39 PDT 2012",1,1,"""NA""","""3""",1,1,"""NA""",0,0,0,1,"""a""",13,"""d""","""correct""","""correct""",1,TRUE,1,TRUE,"""b""","[]","""c""",0,0,4,"4"
"175",175,"2PAV7WGKCCVL4WIAZ8DHGPQ5PSDT3R","Mon Apr 16 17:13:43 PDT 2012",0,0,"""NA""","""3""",0,0,"""NA""",0,0,0,1,"""a""",13,"""c""","""correct""","""correct""",1,TRUE,0,TRUE,"""d""","[]","""b""",0,0,4,"170"
"176",176,"2PAV7WGKCCVL4WIAZ8DHGPQ5PSDT3R","Mon Apr 16 17:15:23 PDT 2012",0,0,"""tupa""","""4""",1,0,"""wug""",1,0,0,1,"""c""",13,"""d""","""correct""","""correct""",1,TRUE,0,TRUE,"""a""","[]","""b""",0,0,4,"171"
"177",177,"2PAV7WGKCCVL4WIAZ8DHGPQ5PSDT3R","Mon Apr 16 17:15:28 PDT 2012",0,0,"""blicket""","""4""",1,0,"""fep""",1,0,0,1,"""b""",13,"""c""","""correct""","""correct""",1,TRUE,0,TRUE,"""d""","[]","""a""",0,0,4,"172"
"178",178,"2PAV7WGKCCVL4WIAZ8DHGPQ5PSDT3R","Mon Apr 16 17:14:25 PDT 2012",0,1,"""blicket""","""4""",1,1,"""tupa""",1,0,0,1,"""a""",13,"""b""","""correct""","""correct""",1,TRUE,1,TRUE,"""c""","[]","""d""",0,0,4,"173"
"179",179,"2PAV7WGKCCVL4WIAZ8DHGPQ5PSDT3R","Mon Apr 16 17:16:54 PDT 2012",0,0,"""NA""","""1""",1,1,"""NA""",0,0,0,0,"""d""",13,"""a""","""correct""","""correct""",1,TRUE,1,TRUE,"""b""","[]","""c""",0,0,4,"174"
"180",180,"2PAV7WGKCCVL4WIAZ8DHGPQ5PSDT3R","Mon Apr 16 17:16:17 PDT 2012",0,0,"""wug""","""4""",1,1,"""blicket""",1,0,0,1,"""a""",13,"""b""","""correct""","""correct""",1,TRUE,1,TRUE,"""c""","[]","""d""",0,0,4,"175"
"181",181,"2PAV7WGKCCVL4WIAZ8DHGPQ5PSDT3R","Mon Apr 16 17:17:37 PDT 2012",0,0,"""NA""","""1""",1,1,"""NA""",0,0,0,0,"""b""",13,"""d""","""correct""","""correct""",1,TRUE,1,TRUE,"""c""","[]","""a""",0,0,4,"176"
"182",182,"2PAV7WGKCCVL4WIAZ8DHGPQ5PSDT3R","Mon Apr 16 17:18:45 PDT 2012",0,1,"""fep""","""2""",1,1,"""wug""",1,0,0,0,"""b""",13,"""d""","""correct""","""correct""",1,TRUE,1,TRUE,"""a""","[]","""c""",0,0,4,"177"
"183",183,"2PAV7WGKCCVL4WIAZ8DHGPQ5PSDT3R","Mon Apr 16 17:19:02 PDT 2012",1,1,"""tupa""","""2""",1,1,"""blicket""",1,0,0,0,"""a""",13,"""c""","""correct""","""correct""",1,TRUE,1,TRUE,"""d""","[]","""b""",0,0,4,"178"
"184",184,"2PAV7WGKCCVL4WIAZ8DHGPQ5PSDT3R","Mon Apr 16 17:19:51 PDT 2012",1,1,"""fep""","""2""",1,1,"""blicket""",1,0,0,0,"""c""",13,"""a""","""correct""","""correct""",1,TRUE,1,TRUE,"""b""","[]","""d""",0,0,4,"179"
"185",185,"2PAV7WGKCCVL4WIAZ8DHGPQ5PSDT3R","Mon Apr 16 17:20:35 PDT 2012",1,1,"""NA""","""3""",1,1,"""NA""",0,0,0,1,"""a""",13,"""b""","""correct""","""correct""",1,TRUE,1,TRUE,"""c""","[]","""d""",0,0,4,"180"
"186",186,"2PAV7WGKCCVL4WIAZ8DHGPQ5PSDT3R","Mon Apr 16 17:20:42 PDT 2012",0,0,"""NA""","""3""",1,0,"""NA""",0,0,0,1,"""c""",13,"""d""","""correct""","""correct""",1,TRUE,1,TRUE,"""a""","[]","""b""",0,0,4,"181"
"187",187,"2PAV7WGKCCVL4WIAZ8DHGPQ5PSDT3R","Mon Apr 16 17:21:15 PDT 2012",1,1,"""NA""","""3""",1,1,"""NA""",0,0,0,1,"""b""",13,"""d""","""correct""","""false""",1,TRUE,1,TRUE,"""c""","[]","""a""",0,0,4,"182"
"188",188,"2PAV7WGKCCVL4WIAZ8DHGPQ5PSDT3R","Mon Apr 16 17:21:51 PDT 2012",0,0,"""NA""","""3""",1,1,"""NA""",0,1,0,1,"""c""",13,"""b""","""correct""","""correct""",1,TRUE,1,TRUE,"""a""","[]","""d""",0,0,4,"183"
"189",189,"2PAV7WGKCCVL4WIAZ8DHGPQ5PSDT3R","Mon Apr 16 17:21:49 PDT 2012",0,1,"""NA""","""3""",1,0,"""NA""",0,1,1,1,"""d""",13,"""c""","""correct""","""correct""",1,TRUE,1,TRUE,"""b""","[]","""a""",0,0,4,"184"
"190",190,"2PAV7WGKCCVL4WIAZ8DHGPQ5PSDT3R","Mon Apr 16 17:21:29 PDT 2012",0,0,"""NA""","""3""",1,1,"""NA""",0,0,0,1,"""a""",13,"""b""","""correct""","""correct""",1,TRUE,1,TRUE,"""c""","[]","""d""",0,0,4,"185"
"191",191,"2PAV7WGKCCVL4WIAZ8DHGPQ5PSDT3R","Mon Apr 16 17:24:24 PDT 2012",1,1,"""NA""","""1""",1,1,"""NA""",0,0,0,0,"""b""",13,"""a""","""correct""","""correct""",1,TRUE,1,TRUE,"""d""","[]","""c""",0,0,4,"186"
"192",192,"2PAV7WGKCCVL4WIAZ8DHGPQ5PSDT3R","Mon Apr 16 17:24:46 PDT 2012",1,0,"""NA""","""1""",1,1,"""NA""",0,0,0,0,"""b""",13,"""a""","""correct""","""correct""",0,TRUE,1,TRUE,"""c""","[]","""d""",0,0,4,"187"
"193",193,"2PAV7WGKCCVL4WIAZ8DHGPQ5PSDT3R","Mon Apr 16 17:24:54 PDT 2012",0,0,"""NA""","""1""",1,1,"""NA""",0,0,0,0,"""b""",13,"""c""","""correct""","""correct""",1,TRUE,1,TRUE,"""d""","[]","""a""",0,0,4,"188"
"194",194,"2PAV7WGKCCVL4WIAZ8DHGPQ5PSDT3R","Mon Apr 16 17:26:04 PDT 2012",0,0,"""tupa""","""4""",1,1,"""fep""",1,0,0,1,"""a""",13,"""c""","""correct""","""correct""",1,TRUE,1,TRUE,"""b""","[]","""d""",0,0,4,"56"
"195",195,"2PAV7WGKCCVL4WIAZ8DHGPQ5PSDT3R","Mon Apr 16 17:25:48 PDT 2012",0,0,"""fep""","""4""",1,1,"""wug""",1,0,0,1,"""c""",13,"""b""","""false""","""correct""",1,TRUE,1,TRUE,"""d""","[]","""a""",0,1,4,"189"
"196",196,"2PAV7WGKCCVL4WIAZ8DHGPQ5PSDT3R","Mon Apr 16 17:26:39 PDT 2012",0,0,"""tupa""","""4""",1,1,"""wug""",1,0,0,1,"""d""",13,"""a""","""correct""","""correct""",1,TRUE,1,TRUE,"""b""","[]","""c""",0,0,4,"190"
"197",197,"2PAV7WGKCCVL4WIAZ8DHGPQ5PSDT3R","Mon Apr 16 17:27:55 PDT 2012",0,0,"""blicket""","""2""",0,0,"""wug""",1,0,0,0,"""a""",13,"""b""","""correct""","""correct""",1,TRUE,0,TRUE,"""d""","[]","""c""",0,0,4,"191"
"198",198,"2PAV7WGKCCVL4WIAZ8DHGPQ5PSDT3R","Mon Apr 16 17:27:29 PDT 2012",0,1,"""wug""","""2""",1,1,"""blicket""",1,0,0,0,"""b""",13,"""d""","""correct""","""correct""",0,TRUE,1,TRUE,"""c""","[]","""a""",0,0,4,"192"
"199",199,"2PAV7WGKCCVL4WIAZ8DHGPQ5PSDT3R","Mon Apr 16 17:28:36 PDT 2012",0,0,"""fep""","""2""",1,1,"""wug""",1,0,0,0,"""c""",13,"""d""","""correct""","""correct""",1,TRUE,1,TRUE,"""b""","[]","""a""",0,0,4,"193"
"200",200,"2PAV7WGKCCVL4WIAZ8DHGPQ5PSDT3R","Mon Apr 16 17:30:04 PDT 2012",0,0,"""tupa""","""2""",0,1,"""fep""",1,0,0,0,"""a""",13,"""b""","""correct""","""correct""",1,TRUE,1,TRUE,"""c""","[]","""d""",0,0,4,"194"
"201",201,"2GRRNDWIOV1SQLT39Y7U73YELM1HWZ","Thu Aug 16 13:53:38 PDT 2012",0,0,"""blicket""","""2""",1,1,"""fep""",1,0,0,1,"""c""",13,"""a""","""correct""","""correct""",1,TRUE,1,TRUE,"""b""","[]","""d""",0,0,5,"195"
"202",202,"2GRRNDWIOV1SQLT39Y7U73YELM1HWZ","Thu Aug 16 13:54:41 PDT 2012",0,0,"""blicket""","""2""",1,1,"""fep""",1,0,1,1,"""c""",13,"""d""","""correct""","""correct""",1,TRUE,1,TRUE,"""a""","[]","""b""",0,0,5,"196"
"203",203,"2GRRNDWIOV1SQLT39Y7U73YELM1HWZ","Thu Aug 16 13:55:31 PDT 2012",1,1,"""blicket""","""1""",1,1,"""tupa""",1,1,1,0,"""d""",13,"""b""","""correct""","""correct""",1,TRUE,1,TRUE,"""a""","[]","""c""",0,0,5,"197"
"204",204,"2GRRNDWIOV1SQLT39Y7U73YELM1HWZ","Thu Aug 16 13:57:44 PDT 2012",0,0,"""wug""","""1""",1,1,"""fep""",1,0,0,0,"""c""",13,"""b""","""correct""","""correct""",1,TRUE,0,TRUE,"""a""","[]","""d""",0,0,5,"198"
"205",205,"2GRRNDWIOV1SQLT39Y7U73YELM1HWZ","Thu Aug 16 13:58:16 PDT 2012",0,0,"""blicket""","""1""",0,0,"""wug""",1,0,0,0,"""b""",13,"""c""","""correct""","""correct""",0,TRUE,0,TRUE,"""d""","[]","""a""",0,0,5,"199"
"206",206,"2GRRNDWIOV1SQLT39Y7U73YELM1HWZ","Thu Aug 16 13:57:58 PDT 2012",1,1,"""fep""","""1""",1,1,"""blicket""",1,1,1,0,"""c""",13,"""d""","""correct""","""correct""",1,TRUE,1,TRUE,"""b""","[]","""a""",0,0,5,"200"
"207",207,"2GRRNDWIOV1SQLT39Y7U73YELM1HWZ","Thu Aug 16 14:00:10 PDT 2012",1,0,"""fep""","""2""",1,1,"""wug""",1,0,0,1,"""b""",13,"""a""","""correct""","""correct""",1,TRUE,0,TRUE,"""c""","[]","""d""",0,0,5,"201"
"208",208,"2GRRNDWIOV1SQLT39Y7U73YELM1HWZ","Thu Aug 16 14:01:53 PDT 2012",1,1,"""fep""","""2""",1,1,"""tupa""",1,0,0,1,"""b""",13,"""d""","""correct""","""correct""",1,TRUE,1,TRUE,"""a""","[]","""c""",0,0,5,"202"
"209",209,"2GRRNDWIOV1SQLT39Y7U73YELM1HWZ","Thu Aug 16 14:03:55 PDT 2012",1,1,"""blicket""","""2""",1,1,"""wug""",1,1,1,1,"""a""",13,"""b""","""correct""","""correct""",1,TRUE,1,TRUE,"""d""","[]","""c""",0,0,5,"203"
"210",210,"2GRRNDWIOV1SQLT39Y7U73YELM1HWZ","Thu Aug 16 14:04:27 PDT 2012",0,0,"""fep""","""2""",1,1,"""tupa""",1,0,0,1,"""c""",13,"""b""","""correct""","""correct""",1,TRUE,1,TRUE,"""d""","[]","""a""",0,0,5,"204"
"211",211,"2GRRNDWIOV1SQLT39Y7U73YELM1HWZ","Thu Aug 16 14:07:42 PDT 2012",1,0,"""tupa""","""1""",1,1,"""wug""",1,0,0,0,"""d""",13,"""c""","""correct""","""correct""",1,TRUE,1,TRUE,"""b""","[]","""a""",0,0,5,"205"
"212",212,"2GRRNDWIOV1SQLT39Y7U73YELM1HWZ","Thu Aug 16 14:09:50 PDT 2012",1,1,"""blicket""","""1""",1,1,"""tupa""",1,1,1,0,"""c""",13,"""a""","""correct""","""correct""",1,TRUE,1,TRUE,"""b""","[]","""d""",0,0,5,"206"
"213",213,"2GRRNDWIOV1SQLT39Y7U73YELM1HWZ","Thu Aug 16 14:09:50 PDT 2012",0,0,"""tupa""","""1""",0,1,"""fep""",1,0,0,0,"""d""",13,"""a""","""correct""","""correct""",1,TRUE,0,TRUE,"""b""","[]","""c""",0,0,5,"24"
"214",214,"2GRRNDWIOV1SQLT39Y7U73YELM1HWZ","Thu Aug 16 14:09:47 PDT 2012",1,1,"""tupa""","""1""",1,1,"""wug""",1,0,0,0,"""a""",13,"""b""","""correct""","""correct""",1,TRUE,1,TRUE,"""c""","[]","""d""",0,0,5,"207"
"215",215,"2GRRNDWIOV1SQLT39Y7U73YELM1HWZ","Thu Aug 16 14:10:25 PDT 2012",0,0,"""fep""","""1""",1,1,"""wug""",1,1,0,0,"""d""",13,"""a""","""correct""","""correct""",1,TRUE,1,TRUE,"""b""","[]","""c""",0,0,5,"208"
"216",216,"2GRRNDWIOV1SQLT39Y7U73YELM1HWZ","Thu Aug 16 14:10:24 PDT 2012",0,0,"""fep""","""1""",0,0,"""wug""",1,0,0,0,"""b""",13,"""c""","""correct""","""correct""",1,TRUE,0,TRUE,"""a""","[]","""d""",0,0,5,"209"
"217",217,"2GRRNDWIOV1SQLT39Y7U73YELM1HWZ","Thu Aug 16 14:10:56 PDT 2012",1,1,"""tupa""","""2""",1,1,"""blicket""",1,1,1,1,"""c""",13,"""b""","""correct""","""correct""",1,TRUE,1,TRUE,"""a""","[]","""d""",0,0,5,"210"
"218",218,"2GRRNDWIOV1SQLT39Y7U73YELM1HWZ","Thu Aug 16 14:10:26 PDT 2012",1,1,"""blicket""","""1""",1,1,"""tupa""",1,0,0,0,"""b""",13,"""a""","""correct""","""correct""",1,TRUE,1,TRUE,"""c""","[]","""d""",0,0,5,"211"
"219",219,"2GRRNDWIOV1SQLT39Y7U73YELM1HWZ","Thu Aug 16 14:12:11 PDT 2012",1,1,"""blicket""","""2""",1,1,"""fep""",1,1,1,1,"""d""",13,"""b""","""correct""","""correct""",1,TRUE,1,TRUE,"""c""","[]","""a""",0,0,5,"212"
"220",220,"2GRRNDWIOV1SQLT39Y7U73YELM1HWZ","Thu Aug 16 14:12:13 PDT 2012",1,1,"""tupa""","""2""",1,1,"""blicket""",1,1,0,1,"""d""",13,"""c""","""correct""","""false""",1,TRUE,1,TRUE,"""a""","[]","""b""",0,0,5,"213"
"221",221,"2GRRNDWIOV1SQLT39Y7U73YELM1HWZ","Thu Aug 16 14:11:51 PDT 2012",1,0,"""blicket""","""2""",1,1,"""tupa""",1,0,0,1,"""d""",13,"""a""","""correct""","""correct""",0,TRUE,1,TRUE,"""c""","[]","""b""",0,0,5,"214"
"222",222,"2GRRNDWIOV1SQLT39Y7U73YELM1HWZ","Thu Aug 16 14:12:25 PDT 2012",0,0,"""fep""","""2""",0,1,"""blicket""",1,0,0,1,"""a""",13,"""d""","""correct""","""correct""",0,TRUE,1,TRUE,"""c""","[]","""b""",0,0,5,"215"
"223",223,"2GRRNDWIOV1SQLT39Y7U73YELM1HWZ","Thu Aug 16 14:12:38 PDT 2012",0,0,"""fep""","""2""",0,1,"""tupa""",1,0,0,1,"""d""",13,"""a""","""correct""","""correct""",1,TRUE,1,TRUE,"""c""","[]","""b""",0,0,5,"216"
"224",224,"2GRRNDWIOV1SQLT39Y7U73YELM1HWZ","Thu Aug 16 14:13:33 PDT 2012",0,0,"""tupa""","""2""",0,1,"""fep""",1,0,0,1,"""a""",13,"""b""","""correct""","""correct""",1,TRUE,1,TRUE,"""d""","[]","""c""",0,0,5,"217"
"225",225,"2GRRNDWIOV1SQLT39Y7U73YELM1HWZ","Thu Aug 16 14:13:05 PDT 2012",1,0,"""blicket""","""2""",1,1,"""wug""",1,0,0,1,"""d""",13,"""c""","""correct""","""correct""",1,TRUE,1,TRUE,"""b""","[]","""a""",0,0,5,"218"
"226",226,"2GRRNDWIOV1SQLT39Y7U73YELM1HWZ","Thu Aug 16 14:12:34 PDT 2012",1,1,"""wug""","""2""",1,1,"""fep""",1,1,1,1,"""c""",13,"""d""","""correct""","""correct""",1,TRUE,1,TRUE,"""b""","[]","""a""",0,0,5,"219"
"227",227,"2GRRNDWIOV1SQLT39Y7U73YELM1HWZ","Thu Aug 16 14:13:13 PDT 2012",1,1,"""fep""","""2""",1,1,"""tupa""",1,1,1,1,"""a""",13,"""b""","""correct""","""correct""",1,TRUE,1,TRUE,"""d""","[]","""c""",0,0,5,"220"
"228",228,"2GRRNDWIOV1SQLT39Y7U73YELM1HWZ","Thu Aug 16 14:13:07 PDT 2012",0,0,"""blicket""","""2""",1,1,"""fep""",1,0,0,1,"""c""",13,"""b""","""correct""","""correct""",1,TRUE,0,TRUE,"""d""","[]","""a""",0,0,5,"221"
"229",229,"2GRRNDWIOV1SQLT39Y7U73YELM1HWZ","Thu Aug 16 14:13:56 PDT 2012",0,0,"""tupa""","""2""",1,0,"""fep""",1,0,0,1,"""d""",13,"""b""","""correct""","""correct""",0,TRUE,0,TRUE,"""a""","[]","""c""",0,0,5,"222"
"230",230,"2GRRNDWIOV1SQLT39Y7U73YELM1HWZ","Thu Aug 16 14:13:26 PDT 2012",0,0,"""wug""","""2""",1,1,"""tupa""",1,0,0,1,"""c""",13,"""a""","""false""","""false""",1,TRUE,0,TRUE,"""b""","[]","""d""",0,0,5,"223"
"231",231,"2GRRNDWIOV1SQLT39Y7U73YELM1HWZ","Thu Aug 16 14:15:37 PDT 2012",0,0,"""tupa""","""1""",1,0,"""wug""",1,0,0,0,"""b""",13,"""a""","""correct""","""correct""",1,TRUE,0,TRUE,"""d""","[]","""c""",0,0,5,"224"
"232",232,"2GRRNDWIOV1SQLT39Y7U73YELM1HWZ","Thu Aug 16 14:15:32 PDT 2012",0,0,"""wug""","""1""",1,1,"""tupa""",1,0,0,0,"""c""",13,"""a""","""correct""","""correct""",1,TRUE,0,TRUE,"""d""","[]","""b""",0,0,5,"225"
"233",233,"2GRRNDWIOV1SQLT39Y7U73YELM1HWZ","Thu Aug 16 14:15:30 PDT 2012",0,0,"""tupa""","""1""",1,1,"""fep""",1,0,0,0,"""d""",13,"""a""","""correct""","""correct""",1,TRUE,1,TRUE,"""c""","[]","""b""",0,0,5,"226"
"234",234,"2GRRNDWIOV1SQLT39Y7U73YELM1HWZ","Thu Aug 16 14:15:41 PDT 2012",0,0,"""fep""","""1""",0,0,"""blicket""",1,0,0,0,"""a""",13,"""b""","""correct""","""correct""",1,TRUE,0,TRUE,"""d""","[]","""c""",0,0,5,"227"
"235",235,"2GRRNDWIOV1SQLT39Y7U73YELM1HWZ","Thu Aug 16 14:15:40 PDT 2012",1,0,"""blicket""","""1""",1,1,"""wug""",1,0,0,0,"""c""",13,"""b""","""correct""","""correct""",1,TRUE,0,TRUE,"""d""","[]","""a""",0,0,5,"228"
"236",236,"2GRRNDWIOV1SQLT39Y7U73YELM1HWZ","Thu Aug 16 14:17:09 PDT 2012",0,0,"""blicket""","""1""",0,0,"""fep""",1,0,0,0,"""b""",13,"""d""","""correct""","""correct""",0,TRUE,0,TRUE,"""c""","[]","""a""",0,0,5,"229"
"237",237,"2GRRNDWIOV1SQLT39Y7U73YELM1HWZ","Thu Aug 16 14:17:27 PDT 2012",1,0,"""blicket""","""1""",1,1,"""wug""",1,0,0,0,"""d""",13,"""a""","""correct""","""correct""",1,TRUE,1,TRUE,"""c""","[]","""b""",0,0,5,"230"
"238",238,"2GRRNDWIOV1SQLT39Y7U73YELM1HWZ","Thu Aug 16 14:17:21 PDT 2012",0,0,"""tupa""","""1""",0,0,"""blicket""",1,0,0,0,"""b""",13,"""c""","""correct""","""correct""",1,TRUE,1,TRUE,"""a""","[]","""d""",0,0,5,"231"
"239",239,"2GRRNDWIOV1SQLT39Y7U73YELM1HWZ","Thu Aug 16 14:19:00 PDT 2012",0,0,"""fep""","""1""",1,1,"""tupa""",1,0,0,0,"""a""",13,"""c""","""correct""","""correct""",1,TRUE,1,TRUE,"""d""","[]","""b""",0,0,5,"232"
"240",240,"2GRRNDWIOV1SQLT39Y7U73YELM1HWZ","Thu Aug 16 14:18:47 PDT 2012",0,0,"""wug""","""1""",1,1,"""tupa""",1,0,0,0,"""a""",13,"""d""","""correct""","""correct""",1,TRUE,1,TRUE,"""c""","[]","""b""",0,0,5,"233"
"241",241,"2GRRNDWIOV1SQLT39Y7U73YELM1HWZ","Thu Aug 16 14:17:09 PDT 2012",0,0,"""fep""","""1""",0,1,"""wug""",1,0,0,0,"""a""",13,"""d""","""correct""","""correct""",0,TRUE,0,TRUE,"""c""","[]","""b""",0,0,5,"234"
"242",242,"2GRRNDWIOV1SQLT39Y7U73YELM1HWZ","Thu Aug 16 14:16:46 PDT 2012",0,0,"""tupa""","""1""",1,0,"""wug""",1,0,0,0,"""b""",13,"""d""","""correct""","""correct""",1,TRUE,1,TRUE,"""a""","[]","""c""",0,0,5,"235"
"243",243,"2GRRNDWIOV1SQLT39Y7U73YELM1HWZ","Thu Aug 16 14:19:41 PDT 2012",0,0,"""fep""","""2""",1,0,"""tupa""",1,0,0,1,"""c""",13,"""b""","""correct""","""correct""",1,TRUE,0,TRUE,"""d""","[]","""a""",0,0,5,"236"
"244",244,"2GRRNDWIOV1SQLT39Y7U73YELM1HWZ","Thu Aug 16 14:19:46 PDT 2012",0,0,"""tupa""","""2""",1,1,"""blicket""",1,0,0,1,"""d""",13,"""a""","""correct""","""correct""",1,TRUE,1,TRUE,"""c""","[]","""b""",0,0,5,"237"
"245",245,"2GRRNDWIOV1SQLT39Y7U73YELM1HWZ","Thu Aug 16 14:19:56 PDT 2012",0,0,"""blicket""","""2""",1,1,"""fep""",1,0,0,1,"""a""",13,"""b""","""correct""","""correct""",1,TRUE,1,TRUE,"""c""","[]","""d""",0,0,5,"238"
"246",246,"2GRRNDWIOV1SQLT39Y7U73YELM1HWZ","Thu Aug 16 14:20:40 PDT 2012",0,0,"""blicket""","""2""",0,0,"""fep""",1,0,0,1,"""c""",13,"""d""","""correct""","""correct""",1,TRUE,1,TRUE,"""a""","[]","""b""",0,0,5,"239"
"247",247,"2GRRNDWIOV1SQLT39Y7U73YELM1HWZ","Thu Aug 16 14:21:46 PDT 2012",1,1,"""wug""","""2""",1,1,"""tupa""",1,0,0,1,"""a""",13,"""c""","""correct""","""correct""",1,TRUE,1,TRUE,"""b""","[]","""d""",0,0,5,"240"
"248",248,"2GRRNDWIOV1SQLT39Y7U73YELM1HWZ","Thu Aug 16 14:20:16 PDT 2012",1,1,"""wug""","""2""",1,1,"""blicket""",1,0,0,1,"""b""",13,"""c""","""correct""","""correct""",1,TRUE,1,TRUE,"""d""","[]","""a""",0,0,5,"241"
"249",249,"2GRRNDWIOV1SQLT39Y7U73YELM1HWZ","Thu Aug 16 14:22:01 PDT 2012",1,1,"""fep""","""2""",1,1,"""blicket""",1,1,0,1,"""a""",13,"""b""","""correct""","""correct""",1,TRUE,1,TRUE,"""d""","[]","""c""",0,0,5,"242"
"250",250,"2GRRNDWIOV1SQLT39Y7U73YELM1HWZ","Thu Aug 16 14:22:51 PDT 2012",1,1,"""wug""","""2""",1,1,"""blicket""",1,0,0,1,"""b""",13,"""d""","""correct""","""correct""",1,TRUE,1,TRUE,"""a""","[]","""c""",0,0,5,"243"
"251",251,"2GRRNDWIOV1SQLT39Y7U73YELM1HWZ","Thu Aug 16 14:23:00 PDT 2012",0,0,"""tupa""","""2""",1,1,"""fep""",1,0,0,1,"""d""",13,"""b""","""correct""","""correct""",1,TRUE,1,TRUE,"""c""","[]","""a""",0,0,5,"244"
"252",252,"2GRRNDWIOV1SQLT39Y7U73YELM1HWZ","Thu Aug 16 14:23:04 PDT 2012",0,0,"""tupa""","""2""",1,1,"""wug""",1,0,0,1,"""d""",13,"""a""","""correct""","""correct""",1,TRUE,1,TRUE,"""c""","[]","""b""",0,0,5,"245"
"253",253,"2GRRNDWIOV1SQLT39Y7U73YELM1HWZ","Thu Aug 16 14:22:23 PDT 2012",0,0,"""blicket""","""2""",1,1,"""tupa""",1,0,0,1,"""b""",13,"""d""","""correct""","""correct""",1,TRUE,1,TRUE,"""a""","[]","""c""",0,0,5,"246"
"254",254,"2GRRNDWIOV1SQLT39Y7U73YELM1HWZ","Thu Aug 16 14:23:19 PDT 2012",1,1,"""wug""","""1""",1,1,"""blicket""",1,1,1,0,"""c""",13,"""a""","""correct""","""correct""",1,TRUE,1,TRUE,"""d""","[]","""b""",0,0,5,"247"
"255",255,"2GRRNDWIOV1SQLT39Y7U73YELM1HWZ","Thu Aug 16 14:23:40 PDT 2012",0,0,"""wug""","""1""",1,0,"""blicket""",1,0,0,0,"""c""",13,"""d""","""correct""","""correct""",1,TRUE,0,TRUE,"""a""","[]","""b""",0,0,5,"248"
"256",256,"2GRRNDWIOV1SQLT39Y7U73YELM1HWZ","Thu Aug 16 14:24:21 PDT 2012",0,0,"""fep""","""1""",1,0,"""tupa""",1,0,0,0,"""c""",13,"""a""","""correct""","""correct""",1,TRUE,0,TRUE,"""b""","[]","""d""",0,0,5,"249"
"257",257,"2GRRNDWIOV1SQLT39Y7U73YELM1HWZ","Thu Aug 16 14:24:30 PDT 2012",1,0,"""wug""","""1""",1,1,"""tupa""",1,0,0,0,"""d""",13,"""c""","""correct""","""correct""",1,TRUE,1,TRUE,"""b""","[]","""a""",0,0,5,"250"
"258",258,"2GRRNDWIOV1SQLT39Y7U73YELM1HWZ","Thu Aug 16 14:24:05 PDT 2012",0,0,"""blicket""","""1""",1,1,"""tupa""",1,0,0,0,"""d""",13,"""c""","""correct""","""correct""",1,TRUE,0,TRUE,"""a""","[]","""b""",0,0,5,"251"
"259",259,"2GRRNDWIOV1SQLT39Y7U73YELM1HWZ","Thu Aug 16 14:23:57 PDT 2012",0,0,"""fep""","""1""",0,0,"""blicket""",1,0,0,0,"""b""",13,"""d""","""correct""","""correct""",0,TRUE,0,TRUE,"""c""","[]","""a""",0,0,5,"252"
"260",260,"2GRRNDWIOV1SQLT39Y7U73YELM1HWZ","Thu Aug 16 14:25:11 PDT 2012",0,0,"""tupa""","""1""",1,1,"""blicket""",1,0,0,0,"""b""",13,"""c""","""correct""","""correct""",1,TRUE,0,TRUE,"""d""","[]","""a""",0,0,5,"253"
"261",261,"2GRRNDWIOV1SQLT39Y7U73YELM1HWZ","Thu Aug 16 14:26:46 PDT 2012",1,1,"""blicket""","""2""",1,1,"""tupa""",1,1,1,1,"""c""",13,"""b""","""correct""","""correct""",1,TRUE,1,TRUE,"""a""","[]","""d""",0,0,5,"254"
"262",262,"2GRRNDWIOV1SQLT39Y7U73YELM1HWZ","Thu Aug 16 14:26:59 PDT 2012",0,0,"""blicket""","""2""",1,1,"""fep""",1,0,0,1,"""c""",13,"""b""","""correct""","""correct""",1,TRUE,1,TRUE,"""d""","[]","""a""",0,0,5,"255"
"263",263,"2GRRNDWIOV1SQLT39Y7U73YELM1HWZ","Thu Aug 16 14:26:47 PDT 2012",0,0,"""tupa""","""2""",0,0,"""fep""",1,0,0,1,"""c""",13,"""a""","""correct""","""correct""",0,TRUE,1,TRUE,"""b""","[]","""d""",0,0,5,"256"
"264",264,"2GRRNDWIOV1SQLT39Y7U73YELM1HWZ","Thu Aug 16 14:27:02 PDT 2012",0,0,"""tupa""","""2""",1,0,"""wug""",1,0,0,1,"""b""",13,"""d""","""correct""","""correct""",1,TRUE,1,TRUE,"""a""","[]","""c""",0,0,5,"257"
"265",265,"2GRRNDWIOV1SQLT39Y7U73YELM1HWZ","Thu Aug 16 14:27:33 PDT 2012",1,1,"""fep""","""2""",1,0,"""wug""",1,1,1,1,"""c""",13,"""d""","""false""","""false""",0,TRUE,0,TRUE,"""b""","[]","""a""",0,0,5,"258"
"266",266,"2GRRNDWIOV1SQLT39Y7U73YELM1HWZ","Thu Aug 16 14:28:13 PDT 2012",0,0,"""tupa""","""2""",1,1,"""wug""",1,0,0,1,"""b""",13,"""a""","""correct""","""correct""",1,TRUE,1,TRUE,"""c""","[]","""d""",0,0,5,"259"
"267",267,"2GRRNDWIOV1SQLT39Y7U73YELM1HWZ","Thu Aug 16 14:27:57 PDT 2012",1,1,"""fep""","""2""",1,1,"""blicket""",1,1,1,1,"""b""",13,"""d""","""correct""","""correct""",1,TRUE,1,TRUE,"""c""","[]","""a""",0,0,5,"260"
"268",268,"2GRRNDWIOV1SQLT39Y7U73YELM1HWZ","Thu Aug 16 14:28:29 PDT 2012",0,0,"""tupa""","""1""",0,0,"""fep""",1,0,0,0,"""a""",13,"""d""","""correct""","""correct""",0,TRUE,0,TRUE,"""c""","[]","""b""",0,0,5,"261"
"269",269,"2GRRNDWIOV1SQLT39Y7U73YELM1HWZ","Thu Aug 16 14:29:19 PDT 2012",1,1,"""fep""","""1""",1,1,"""tupa""",1,1,0,0,"""d""",13,"""b""","""correct""","""correct""",1,TRUE,1,TRUE,"""a""","[]","""c""",0,0,5,"262"
"270",270,"2GRRNDWIOV1SQLT39Y7U73YELM1HWZ","Thu Aug 16 14:30:06 PDT 2012",1,1,"""blicket""","""1""",1,1,"""wug""",1,1,1,0,"""c""",13,"""a""","""correct""","""correct""",1,TRUE,1,TRUE,"""d""","[]","""b""",0,0,5,"263"
"271",271,"2GRRNDWIOV1SQLT39Y7U73YELM1HWZ","Thu Aug 16 14:29:22 PDT 2012",0,0,"""fep""","""1""",1,0,"""wug""",1,0,0,0,"""c""",13,"""a""","""correct""","""correct""",1,TRUE,0,TRUE,"""d""","[]","""b""",0,0,5,"264"
"272",272,"2GRRNDWIOV1SQLT39Y7U73YELM1HWZ","Thu Aug 16 14:30:22 PDT 2012",0,0,"""fep""","""1""",1,0,"""blicket""",1,0,0,0,"""d""",13,"""c""","""correct""","""correct""",0,TRUE,0,TRUE,"""a""","[]","""b""",0,0,5,"265"
"273",273,"2GRRNDWIOV1SQLT39Y7U73YELM1HWZ","Thu Aug 16 14:31:10 PDT 2012",1,0,"""tupa""","""1""",1,1,"""fep""",1,0,0,0,"""c""",13,"""d""","""correct""","""correct""",1,TRUE,1,TRUE,"""a""","[]","""b""",0,0,5,"266"
"274",274,"2GRRNDWIOV1SQLT39Y7U73YELM1HWZ","Thu Aug 16 14:30:17 PDT 2012",0,0,"""fep""","""1""",1,1,"""wug""",1,0,0,0,"""a""",13,"""c""","""correct""","""correct""",1,TRUE,1,TRUE,"""d""","[]","""b""",0,0,5,"267"
"275",275,"2GRRNDWIOV1SQLT39Y7U73YELM1HWZ","Thu Aug 16 14:30:46 PDT 2012",0,0,"""fep""","""1""",1,0,"""wug""",1,0,0,0,"""c""",13,"""d""","""correct""","""correct""",0,TRUE,1,TRUE,"""b""","[]","""a""",0,0,5,"268"
"276",276,"2GRRNDWIOV1SQLT39Y7U73YELM1HWZ","Thu Aug 16 14:32:07 PDT 2012",0,0,"""wug""","""1""",1,1,"""fep""",1,0,0,0,"""d""",13,"""c""","""correct""","""correct""",1,TRUE,1,TRUE,"""b""","[]","""a""",0,0,5,"269"
"277",277,"2GRRNDWIOV1SQLT39Y7U73YELM1HWZ","Thu Aug 16 14:32:25 PDT 2012",1,0,"""fep""","""1""",1,1,"""wug""",1,0,0,0,"""d""",13,"""c""","""correct""","""correct""",1,TRUE,1,TRUE,"""b""","[]","""a""",0,0,5,"270"
"278",278,"2GRRNDWIOV1SQLT39Y7U73YELM1HWZ","Thu Aug 16 14:31:50 PDT 2012",0,0,"""wug""","""1""",1,1,"""blicket""",1,0,0,0,"""d""",13,"""a""","""correct""","""correct""",0,TRUE,1,TRUE,"""c""","[]","""b""",0,0,5,"271"
"279",279,"2GRRNDWIOV1SQLT39Y7U73YELM1HWZ","Thu Aug 16 14:32:57 PDT 2012",0,1,"""wug""","""2""",1,1,"""fep""",1,0,0,1,"""b""",13,"""c""","""correct""","""correct""",1,TRUE,1,TRUE,"""d""","[]","""a""",0,0,5,"272"
"280",280,"2GRRNDWIOV1SQLT39Y7U73YELM1HWZ","Thu Aug 16 14:32:50 PDT 2012",1,1,"""tupa""","""2""",1,1,"""blicket""",1,0,0,1,"""b""",13,"""a""","""correct""","""correct""",1,TRUE,1,TRUE,"""c""","[]","""d""",0,0,5,"273"
"281",281,"2GRRNDWIOV1SQLT39Y7U73YELM1HWZ","Thu Aug 16 14:33:02 PDT 2012",1,0,"""wug""","""2""",1,1,"""fep""",1,0,0,1,"""c""",13,"""d""","""correct""","""correct""",0,TRUE,0,TRUE,"""a""","[]","""b""",0,0,5,"274"
"282",282,"2GRRNDWIOV1SQLT39Y7U73YELM1HWZ","Thu Aug 16 14:33:38 PDT 2012",0,0,"""blicket""","""2""",0,0,"""fep""",1,0,0,1,"""b""",13,"""d""","""correct""","""correct""",1,TRUE,0,TRUE,"""a""","[]","""c""",0,0,5,"275"
"283",283,"2GRRNDWIOV1SQLT39Y7U73YELM1HWZ","Thu Aug 16 14:34:33 PDT 2012",0,0,"""blicket""","""2""",1,1,"""tupa""",1,0,0,1,"""b""",13,"""c""","""correct""","""correct""",1,TRUE,1,TRUE,"""d""","[]","""a""",0,0,5,"184"
"284",284,"2GRRNDWIOV1SQLT39Y7U73YELM1HWZ","Thu Aug 16 14:34:11 PDT 2012",1,1,"""fep""","""2""",1,1,"""wug""",1,0,0,1,"""a""",13,"""d""","""correct""","""correct""",1,TRUE,1,TRUE,"""b""","[]","""c""",0,0,5,"276"
"285",285,"2GRRNDWIOV1SQLT39Y7U73YELM1HWZ","Thu Aug 16 14:34:52 PDT 2012",0,0,"""wug""","""2""",1,0,"""blicket""",1,0,0,1,"""b""",13,"""d""","""correct""","""correct""",1,TRUE,1,TRUE,"""c""","[]","""a""",0,0,5,"277"
"286",286,"2GRRNDWIOV1SQLT39Y7U73YELM1HWZ","Thu Aug 16 14:35:00 PDT 2012",1,0,"""fep""","""2""",1,1,"""wug""",1,0,0,1,"""b""",13,"""c""","""correct""","""correct""",1,TRUE,1,TRUE,"""a""","[]","""d""",0,0,5,"278"
"287",287,"2GRRNDWIOV1SQLT39Y7U73YELM1HWZ","Thu Aug 16 14:35:24 PDT 2012",0,0,"""fep""","""2""",1,1,"""blicket""",1,0,0,1,"""d""",13,"""c""","""correct""","""correct""",1,TRUE,1,TRUE,"""a""","[]","""b""",0,0,5,"279"
"288",288,"2GRRNDWIOV1SQLT39Y7U73YELM1HWZ","Thu Aug 16 14:35:42 PDT 2012",0,0,"""blicket""","""2""",1,1,"""tupa""",1,0,0,1,"""c""",13,"""d""","""correct""","""correct""",1,TRUE,1,TRUE,"""b""","[]","""a""",0,0,5,"280"
"289",289,"2GRRNDWIOV1SQLT39Y7U73YELM1HWZ","Thu Aug 16 14:38:57 PDT 2012",0,0,"""blicket""","""1""",1,1,"""fep""",1,0,0,0,"""c""",13,"""b""","""correct""","""correct""",1,TRUE,1,TRUE,"""d""","[]","""a""",0,0,5,"281"
"290",290,"2GRRNDWIOV1SQLT39Y7U73YELM1HWZ","Thu Aug 16 14:38:54 PDT 2012",0,0,"""fep""","""1""",1,1,"""blicket""",1,0,0,0,"""b""",13,"""d""","""correct""","""correct""",1,TRUE,1,TRUE,"""c""","[]","""a""",0,0,5,"282"
"291",291,"2GRRNDWIOV1SQLT39Y7U73YELM1HWZ","Thu Aug 16 14:38:55 PDT 2012",1,1,"""wug""","""1""",1,1,"""tupa""",1,1,1,0,"""c""",13,"""d""","""correct""","""correct""",1,TRUE,1,TRUE,"""a""","[]","""b""",0,0,5,"283"
"292",292,"2GRRNDWIOV1SQLT39Y7U73YELM1HWZ","Thu Aug 16 14:40:28 PDT 2012",0,0,"""wug""","""1""",1,1,"""fep""",1,0,0,0,"""d""",13,"""c""","""correct""","""correct""",1,TRUE,1,TRUE,"""b""","[]","""a""",0,0,5,"284"
"293",293,"2GRRNDWIOV1SQLT39Y7U73YELM1HWZ","Thu Aug 16 14:40:45 PDT 2012",1,0,"""fep""","""1""",1,1,"""wug""",1,0,0,0,"""d""",13,"""c""","""correct""","""correct""",1,TRUE,1,TRUE,"""b""","[]","""a""",0,0,5,"285"
"294",294,"2GRRNDWIOV1SQLT39Y7U73YELM1HWZ","Thu Aug 16 14:39:52 PDT 2012",0,0,"""tupa""","""1""",0,0,"""fep""",1,0,0,0,"""b""",13,"""a""","""correct""","""correct""",1,TRUE,0,TRUE,"""d""","[]","""c""",0,0,5,"286"
"295",295,"2GRRNDWIOV1SQLT39Y7U73YELM1HWZ","Thu Aug 16 14:40:55 PDT 2012",0,0,"""blicket""","""1""",0,1,"""wug""",1,0,0,0,"""d""",13,"""c""","""correct""","""correct""",1,TRUE,1,TRUE,"""b""","[]","""a""",0,0,5,"287"
"296",296,"2GRRNDWIOV1SQLT39Y7U73YELM1HWZ","Thu Aug 16 14:42:08 PDT 2012",0,0,"""tupa""","""2""",1,1,"""wug""",1,0,0,1,"""d""",13,"""b""","""correct""","""correct""",1,TRUE,1,TRUE,"""c""","[]","""a""",0,0,5,"288"
"297",297,"2GRRNDWIOV1SQLT39Y7U73YELM1HWZ","Thu Aug 16 14:42:21 PDT 2012",0,0,"""tupa""","""2""",0,1,"""wug""",1,0,0,1,"""d""",13,"""c""","""correct""","""correct""",1,TRUE,1,TRUE,"""b""","[]","""a""",0,0,5,"289"
"298",298,"2GRRNDWIOV1SQLT39Y7U73YELM1HWZ","Thu Aug 16 14:44:11 PDT 2012",0,0,"""fep""","""2""",1,1,"""wug""",1,1,0,1,"""c""",13,"""b""","""correct""","""false""",1,TRUE,1,TRUE,"""a""","[]","""d""",0,0,5,"290"
"299",299,"2GRRNDWIOV1SQLT39Y7U73YELM1HWZ","Thu Aug 16 14:44:49 PDT 2012",0,0,"""blicket""","""2""",1,1,"""tupa""",1,0,0,1,"""c""",13,"""b""","""correct""","""correct""",1,TRUE,1,TRUE,"""d""","[]","""a""",0,0,5,"291"
"300",300,"2GRRNDWIOV1SQLT39Y7U73YELM1HWZ","Thu Aug 16 14:43:36 PDT 2012",0,0,"""tupa""","""2""",0,1,"""fep""",1,0,0,1,"""a""",13,"""b""","""correct""","""correct""",1,TRUE,1,TRUE,"""c""","[]","""d""",0,0,5,"292"
"301",301,"2GRRNDWIOV1SQLT39Y7U73YELM1HWZ","Thu Aug 16 14:43:49 PDT 2012",1,0,"""wug""","""2""",0,1,"""tupa""",1,0,0,1,"""a""",13,"""c""","""false""","""false""",0,TRUE,0,TRUE,"""b""","[]","""d""",0,0,5,"293"
"302",302,"2GRRNDWIOV1SQLT39Y7U73YELM1HWZ","Thu Aug 16 14:45:09 PDT 2012",1,1,"""wug""","""2""",1,1,"""tupa""",1,0,0,1,"""a""",13,"""c""","""correct""","""correct""",1,TRUE,1,TRUE,"""d""","[]","""b""",0,0,5,"294"
"303",303,"2GRRNDWIOV1SQLT39Y7U73YELM1HWZ","Thu Aug 16 14:45:54 PDT 2012",0,0,"""wug""","""2""",0,0,"""blicket""",1,0,0,1,"""a""",13,"""c""","""correct""","""correct""",0,TRUE,0,TRUE,"""d""","[]","""b""",0,0,5,"295"
"304",304,"2GRRNDWIOV1SQLT39Y7U73YELM1HWZ","Thu Aug 16 14:46:45 PDT 2012",1,1,"""wug""","""1""",1,1,"""tupa""",1,1,1,0,"""d""",13,"""a""","""correct""","""correct""",1,TRUE,1,TRUE,"""b""","[]","""c""",0,0,5,"296"
"305",305,"2GRRNDWIOV1SQLT39Y7U73YELM1HWZ","Thu Aug 16 14:48:17 PDT 2012",0,0,"""tupa""","""1""",1,1,"""blicket""",1,1,0,0,"""d""",13,"""b""","""correct""","""correct""",1,TRUE,1,TRUE,"""a""","[]","""c""",0,0,5,"297"
"306",306,"2GRRNDWIOV1SQLT39Y7U73YELM1HWZ","Thu Aug 16 14:48:49 PDT 2012",1,0,"""wug""","""1""",1,1,"""fep""",1,0,0,0,"""b""",13,"""c""","""correct""","""correct""",1,TRUE,1,TRUE,"""d""","[]","""a""",0,0,5,"298"
"307",307,"2GRRNDWIOV1SQLT39Y7U73YELM1HWZ","Thu Aug 16 14:47:51 PDT 2012",0,0,"""tupa""","""1""",1,1,"""fep""",1,0,0,0,"""b""",13,"""c""","""correct""","""correct""",1,TRUE,1,TRUE,"""d""","[]","""a""",0,0,5,"299"
"308",308,"2GRRNDWIOV1SQLT39Y7U73YELM1HWZ","Thu Aug 16 14:48:57 PDT 2012",1,0,"""wug""","""1""",1,1,"""blicket""",1,0,0,0,"""a""",13,"""d""","""correct""","""correct""",1,TRUE,1,TRUE,"""c""","[]","""b""",0,0,5,"300"
"309",309,"2GRRNDWIOV1SQLT39Y7U73YELM1HWZ","Thu Aug 16 14:49:23 PDT 2012",1,0,"""fep""","""1""",0,1,"""tupa""",1,0,0,0,"""a""",13,"""b""","""correct""","""correct""",1,TRUE,1,TRUE,"""d""","[]","""c""",0,0,5,"301"
"310",310,"2GRRNDWIOV1SQLT39Y7U73YELM1HWZ","Thu Aug 16 14:48:28 PDT 2012",0,0,"""tupa""","""1""",1,1,"""blicket""",1,0,0,0,"""d""",13,"""c""","""correct""","""correct""",1,TRUE,1,TRUE,"""b""","[]","""a""",0,0,5,"302"
"311",311,"2GRRNDWIOV1SQLT39Y7U73YELM1HWZ","Thu Aug 16 14:48:47 PDT 2012",1,1,"""tupa""","""1""",1,1,"""blicket""",1,1,1,0,"""a""",13,"""d""","""correct""","""correct""",1,TRUE,1,TRUE,"""b""","[]","""c""",0,0,5,"303"
"312",312,"2GRRNDWIOV1SQLT39Y7U73YELM1HWZ","Thu Aug 16 14:50:32 PDT 2012",0,0,"""fep""","""1""",0,1,"""wug""",1,0,0,0,"""a""",13,"""d""","""correct""","""correct""",0,TRUE,0,TRUE,"""c""","[]","""b""",0,0,5,"304"
"313",313,"2GRRNDWIOV1SQLT39Y7U73YELM1HWZ","Thu Aug 16 14:51:11 PDT 2012",0,0,"""blicket""","""2""",1,1,"""fep""",1,0,0,1,"""b""",13,"""c""","""correct""","""correct""",1,TRUE,1,TRUE,"""d""","[]","""a""",0,0,5,"305"
"314",314,"2GRRNDWIOV1SQLT39Y7U73YELM1HWZ","Thu Aug 16 14:50:59 PDT 2012",1,1,"""tupa""","""2""",1,1,"""blicket""",1,1,1,1,"""b""",13,"""d""","""correct""","""correct""",1,TRUE,1,TRUE,"""c""","[]","""a""",0,0,5,"306"
"315",315,"2GRRNDWIOV1SQLT39Y7U73YELM1HWZ","Thu Aug 16 14:51:49 PDT 2012",0,0,"""tupa""","""2""",1,1,"""wug""",1,0,0,1,"""b""",13,"""c""","""correct""","""correct""",1,TRUE,1,TRUE,"""a""","[]","""d""",0,0,5,"307"
"316",316,"2GRRNDWIOV1SQLT39Y7U73YELM1HWZ","Thu Aug 16 14:53:10 PDT 2012",0,0,"""fep""","""2""",1,0,"""blicket""",1,0,0,1,"""b""",13,"""c""","""correct""","""correct""",1,TRUE,0,TRUE,"""d""","[]","""a""",0,0,5,"308"
"317",317,"2GRRNDWIOV1SQLT39Y7U73YELM1HWZ","Thu Aug 16 14:54:27 PDT 2012",1,0,"""wug""","""2""",1,1,"""blicket""",1,0,0,1,"""d""",13,"""b""","""correct""","""correct""",1,TRUE,1,TRUE,"""c""","[]","""a""",0,0,5,"309"
"318",318,"2GRRNDWIOV1SQLT39Y7U73YELM1HWZ","Thu Aug 16 14:54:14 PDT 2012",0,0,"""wug""","""2""",1,1,"""fep""",1,0,0,1,"""c""",13,"""a""","""correct""","""correct""",1,TRUE,1,TRUE,"""b""","[]","""d""",0,0,5,"310"
"319",319,"2GRRNDWIOV1SQLT39Y7U73YELM1HWZ","Thu Aug 16 14:56:05 PDT 2012",1,1,"""fep""","""1""",1,1,"""wug""",1,0,0,0,"""b""",13,"""a""","""correct""","""correct""",0,TRUE,0,FALSE,"""c""","[]","""d""",0,0,5,"311"
"320",320,"2GRRNDWIOV1SQLT39Y7U73YELM1HWZ","Thu Aug 16 14:55:47 PDT 2012",1,1,"""tupa""","""1""",1,1,"""wug""",1,1,0,0,"""b""",13,"""a""","""correct""","""correct""",1,TRUE,1,TRUE,"""d""","[]","""c""",0,0,5,"312"
"321",321,"2GRRNDWIOV1SQLT39Y7U73YELM1HWZ","Thu Aug 16 14:58:11 PDT 2012",0,0,"""blicket""","""1""",0,0,"""tupa""",1,0,0,0,"""b""",13,"""d""","""correct""","""correct""",0,TRUE,0,TRUE,"""a""","[]","""c""",0,0,5,"313"
"322",322,"2GRRNDWIOV1SQLT39Y7U73YELM1HWZ","Thu Aug 16 14:58:33 PDT 2012",1,1,"""tupa""","""1""",1,0,"""blicket""",1,0,0,0,"""c""",13,"""d""","""correct""","""correct""",1,TRUE,0,TRUE,"""a""","[]","""b""",0,0,5,"314"
"323",323,"2GRRNDWIOV1SQLT39Y7U73YELM1HWZ","Thu Aug 16 14:59:36 PDT 2012",1,1,"""fep""","""2""",1,1,"""tupa""",1,0,0,1,"""d""",13,"""a""","""correct""","""correct""",1,TRUE,1,TRUE,"""c""","[]","""b""",0,0,5,"315"
"324",324,"2GRRNDWIOV1SQLT39Y7U73YELM1HWZ","Thu Aug 16 15:00:42 PDT 2012",0,0,"""wug""","""2""",1,1,"""blicket""",1,0,0,1,"""a""",13,"""b""","""correct""","""correct""",1,TRUE,0,TRUE,"""d""","[]","""c""",0,0,5,"316"
"325",325,"2GRRNDWIOV1SQLT39Y7U73YELM1HWZ","Thu Aug 16 15:00:36 PDT 2012",1,1,"""tupa""","""2""",1,1,"""wug""",1,0,0,1,"""b""",13,"""d""","""correct""","""correct""",1,TRUE,1,TRUE,"""c""","[]","""a""",0,0,5,"317"
"326",326,"2GRRNDWIOV1SQLT39Y7U73YELM1HWZ","Thu Aug 16 15:00:23 PDT 2012",1,1,"""fep""","""2""",1,1,"""wug""",1,0,1,1,"""b""",13,"""a""","""correct""","""correct""",1,TRUE,1,TRUE,"""d""","[]","""c""",0,0,5,"318"
"327",327,"2GRRNDWIOV1SQLT39Y7U73YELM1HWZ","Thu Aug 16 15:02:32 PDT 2012",1,1,"""fep""","""1""",1,1,"""blicket""",1,0,0,0,"""a""",13,"""c""","""correct""","""correct""",1,TRUE,1,TRUE,"""b""","[]","""d""",0,0,5,"319"
"328",328,"2GRRNDWIOV1SQLT39Y7U73YELM1HWZ","Thu Aug 16 15:03:41 PDT 2012",1,0,"""blicket""","""1""",1,1,"""fep""",1,0,0,0,"""a""",13,"""c""","""correct""","""correct""",1,TRUE,1,TRUE,"""b""","[]","""d""",0,0,5,"320"
"329",329,"2GRRNDWIOV1SQLT39Y7U73YELM1HWZ","Thu Aug 16 15:03:42 PDT 2012",1,0,"""blicket""","""1""",0,1,"""tupa""",1,0,0,0,"""c""",13,"""b""","""correct""","""correct""",1,TRUE,1,TRUE,"""d""","[]","""a""",0,0,5,"321"
"330",330,"2GRRNDWIOV1SQLT39Y7U73YELM1HWZ","Thu Aug 16 15:03:35 PDT 2012",0,0,"""wug""","""1""",1,1,"""tupa""",1,0,0,0,"""d""",13,"""c""","""correct""","""correct""",1,TRUE,1,TRUE,"""b""","[]","""a""",0,0,5,"322"
"331",331,"2GRRNDWIOV1SQLT39Y7U73YELM1HWZ","Thu Aug 16 15:03:43 PDT 2012",0,0,"""blicket""","""1""",1,1,"""tupa""",1,0,0,0,"""a""",13,"""b""","""correct""","""correct""",1,TRUE,0,TRUE,"""d""","[]","""c""",0,0,5,"323"
"332",332,"2GRRNDWIOV1SQLT39Y7U73YELM1HWZ","Thu Aug 16 15:05:51 PDT 2012",1,0,"""fep""","""2""",1,1,"""tupa""",1,0,0,1,"""d""",13,"""c""","""correct""","""correct""",1,TRUE,1,TRUE,"""a""","[]","""b""",0,0,5,"324"
"333",333,"2GRRNDWIOV1SQLT39Y7U73YELM1HWZ","Thu Aug 16 15:05:07 PDT 2012",1,1,"""fep""","""1""",1,1,"""blicket""",1,0,0,0,"""c""",13,"""b""","""correct""","""correct""",0,TRUE,0,TRUE,"""d""","[]","""a""",0,0,5,"325"
"334",334,"2GRRNDWIOV1SQLT39Y7U73YELM1HWZ","Thu Aug 16 15:06:42 PDT 2012",1,1,"""fep""","""2""",1,1,"""blicket""",1,1,1,1,"""b""",13,"""d""","""correct""","""correct""",1,TRUE,1,TRUE,"""a""","[]","""c""",0,0,5,"326"
"335",335,"2GRRNDWIOV1SQLT39Y7U73YELM1HWZ","Thu Aug 16 15:07:41 PDT 2012",0,0,"""fep""","""2""",1,1,"""blicket""",1,0,0,1,"""b""",13,"""c""","""correct""","""correct""",1,TRUE,1,TRUE,"""a""","[]","""d""",0,0,5,"327"
"336",336,"2GRRNDWIOV1SQLT39Y7U73YELM1HWZ","Thu Aug 16 15:06:46 PDT 2012",0,0,"""blicket""","""2""",1,0,"""fep""",1,0,0,1,"""c""",13,"""b""","""correct""","""false""",0,TRUE,0,TRUE,"""a""","[]","""d""",0,0,5,"328"
"337",337,"2GRRNDWIOV1SQLT39Y7U73YELM1HWZ","Thu Aug 16 15:08:04 PDT 2012",0,0,"""fep""","""2""",1,0,"""blicket""",1,0,0,1,"""b""",13,"""c""","""correct""","""correct""",1,TRUE,1,TRUE,"""a""","[]","""d""",0,0,5,"329"
"338",338,"2GRRNDWIOV1SQLT39Y7U73YELM1HWZ","Thu Aug 16 15:08:47 PDT 2012",0,0,"""tupa""","""2""",1,0,"""fep""",1,0,0,1,"""d""",13,"""c""","""correct""","""correct""",0,TRUE,0,TRUE,"""a""","[]","""b""",0,0,5,"330"
"339",339,"2GRRNDWIOV1SQLT39Y7U73YELM1HWZ","Thu Aug 16 15:08:59 PDT 2012",1,1,"""wug""","""2""",1,1,"""blicket""",1,1,1,1,"""c""",13,"""d""","""false""","""false""",1,TRUE,1,TRUE,"""a""","[]","""b""",0,1,5,"331"
"340",340,"2GRRNDWIOV1SQLT39Y7U73YELM1HWZ","Thu Aug 16 15:08:30 PDT 2012",0,0,"""wug""","""2""",1,1,"""tupa""",1,1,0,1,"""d""",13,"""c""","""correct""","""correct""",1,TRUE,1,TRUE,"""a""","[]","""b""",0,0,5,"332"
"341",341,"2GRRNDWIOV1SQLT39Y7U73YELM1HWZ","Thu Aug 16 15:08:05 PDT 2012",0,0,"""blicket""","""2""",0,0,"""tupa""",1,0,0,1,"""c""",13,"""b""","""correct""","""correct""",1,TRUE,0,TRUE,"""a""","[]","""d""",0,0,5,"333"
"342",342,"2GRRNDWIOV1SQLT39Y7U73YELM1HWZ","Thu Aug 16 15:09:53 PDT 2012",0,0,"""wug""","""1""",1,1,"""tupa""",1,0,0,0,"""c""",13,"""a""","""correct""","""correct""",1,TRUE,1,TRUE,"""b""","[]","""d""",0,0,5,"334"
"343",343,"2GRRNDWIOV1SQLT39Y7U73YELM1HWZ","Thu Aug 16 15:10:53 PDT 2012",1,0,"""tupa""","""1""",1,1,"""wug""",1,0,0,0,"""d""",13,"""c""","""correct""","""correct""",1,TRUE,1,TRUE,"""b""","[]","""a""",0,0,5,"335"
"344",344,"2GRRNDWIOV1SQLT39Y7U73YELM1HWZ","Thu Aug 16 15:08:31 PDT 2012",0,0,"""wug""","""2""",0,1,"""tupa""",1,0,0,1,"""d""",13,"""c""","""correct""","""correct""",1,TRUE,1,FALSE,"""a""","[]","""b""",0,0,5,"336"
"345",345,"2GRRNDWIOV1SQLT39Y7U73YELM1HWZ","Thu Aug 16 15:10:50 PDT 2012",1,0,"""wug""","""1""",1,1,"""fep""",1,1,0,0,"""d""",13,"""c""","""correct""","""correct""",1,TRUE,1,TRUE,"""a""","[]","""b""",0,0,5,"337"
"346",346,"2GRRNDWIOV1SQLT39Y7U73YELM1HWZ","Thu Aug 16 15:10:21 PDT 2012",0,0,"""fep""","""1""",0,1,"""blicket""",1,0,0,0,"""d""",13,"""c""","""correct""","""correct""",1,TRUE,1,TRUE,"""b""","[]","""a""",0,0,5,"338"
"347",347,"2GRRNDWIOV1SQLT39Y7U73YELM1HWZ","Thu Aug 16 15:11:50 PDT 2012",0,0,"""tupa""","""1""",1,0,"""wug""",1,0,0,0,"""c""",13,"""b""","""correct""","""correct""",1,TRUE,0,TRUE,"""d""","[]","""a""",0,0,5,"339"
"348",348,"2GRRNDWIOV1SQLT39Y7U73YELM1HWZ","Thu Aug 16 15:12:14 PDT 2012",1,1,"""wug""","""1""",1,1,"""blicket""",1,0,0,0,"""b""",13,"""d""","""correct""","""correct""",1,TRUE,1,TRUE,"""a""","[]","""c""",0,0,5,"340"
"349",349,"2GRRNDWIOV1SQLT39Y7U73YELM1HWZ","Thu Aug 16 15:13:11 PDT 2012",1,1,"""fep""","""1""",1,1,"""tupa""",1,1,1,0,"""a""",13,"""c""","""correct""","""correct""",1,TRUE,1,TRUE,"""b""","[]","""d""",0,0,5,"341"
"350",350,"2GRRNDWIOV1SQLT39Y7U73YELM1HWZ","Thu Aug 16 15:14:13 PDT 2012",0,0,"""blicket""","""1""",0,1,"""fep""",1,0,0,0,"""a""",13,"""d""","""correct""","""correct""",0,TRUE,0,TRUE,"""b""","[]","""c""",0,0,5,"342"
